Transaction_ID,Service_Date,Client_ID,Dog_ID,Service_ID,Campaign_ID,Revenue,Estimated_Cost,Gross_Profit,Discount_Rate,Trainer_Hours,Travel_Miles,Satisfaction_Rating,Training_Outcome,Payment_Status,Follow_Up_Required
T00001,2025-07-20,C0001,D0001,S012,M004,60.0,18.9,41.1,0.0,1.12,3.5,5,Excellent Progress,Paid,Yes
T00002,2026-05-17,C0001,D0001,S013,M004,125.0,41.63,83.37,0.0,12.25,8.0,5,Excellent Progress,Paid,No
T00003,2026-04-17,C0001,D0001,S007,M004,40.5,18.7,21.8,0.1,0.65,2.4,5,Moderate Progress,Paid,Yes
T00004,2025-10-31,C0001,D0001,S004,M004,27.0,12.74,14.26,0.1,0.68,7.8,5,Moderate Progress,Paid,No
T00005,2026-05-06,C0001,D0001,S004,M004,30.0,12.59,17.41,0.0,0.81,1.7,5,Moderate Progress,Paid,No
T00006,2025-05-21,C0002,D0002,S007,M008,40.5,13.63,26.87,0.1,0.59,17.1,5,Excellent Progress,Paid,No
T00007,2026-05-10,C0002,D0002,S005,M008,42.75,17.29,25.46,0.05,0.9,16.8,5,Completed Goals,Pending,No
T00008,2025-04-16,C0002,D0002,S013,M008,125.0,44.54,80.46,0.0,12.06,21.2,5,Moderate Progress,Paid,No
T00009,2025-11-21,C0002,D0002,S004,M008,30.0,14.92,15.08,0.0,0.74,18.5,5,Moderate Progress,Paid,No
T00010,2025-07-05,C0002,D0002,S011,M008,28.5,12.03,16.47,0.05,0.55,17.2,5,Completed Goals,Paid,Yes
T00011,2026-01-24,C0003,D0003,S006,M008,60.0,16.98,43.02,0.0,1.16,2.0,5,Completed Goals,Paid,No
T00012,2026-05-28,C0003,D0003,S007,M008,45.0,16.85,28.15,0.0,0.57,1.0,5,Completed Goals,Paid,No
T00013,2026-02-27,C0003,D0003,S004,M008,30.0,11.18,18.82,0.0,0.9,3.0,5,Excellent Progress,Paid,No
T00014,2026-05-17,C0003,D0003,S006,M008,60.0,16.79,43.21,0.0,1.34,7.2,5,Completed Goals,Paid,Yes
T00015,2026-02-23,C0003,D0003,S001,M008,125.0,41.29,83.71,0.0,1.21,1.0,5,Completed Goals,Pending,No
T00016,2026-03-21,C0003,D0003,S008,M008,80.75,22.02,58.73,0.05,1.13,1.0,5,Excellent Progress,Paid,Yes
T00017,2026-04-16,C0003,D0003,S001,M008,125.0,40.36,84.64,0.0,1.39,5.2,5,Excellent Progress,Paid,No
T00018,2026-05-20,C0003,D0003,S005,M008,40.5,18.95,21.55,0.1,0.94,1.0,5,Needs Follow-Up,Paid,Yes
T00019,2026-01-27,C0004,D0004,S007,,45.0,13.09,31.91,0.0,0.62,11.0,5,Moderate Progress,Paid,No
T00020,2025-03-13,C0004,D0004,S003,,607.5,180.24,427.26,0.1,1.26,9.6,5,Completed Goals,Paid,No
T00021,2025-08-14,C0004,D0004,S003,,675.0,183.53,491.47,0.0,1.15,10.5,5,Moderate Progress,Pending,No
T00022,2025-09-03,C0004,D0005,S011,M005,30.0,10.65,19.35,0.0,0.69,6.2,5,Excellent Progress,Paid,Yes
T00023,2025-12-22,C0004,D0005,S001,,112.5,37.23,75.27,0.1,1.2,5.2,5,Excellent Progress,Paid,Yes
T00024,2026-04-26,C0005,D0006,S004,,28.5,11.94,16.56,0.05,0.89,8.4,5,Completed Goals,Paid,No
T00025,2026-05-24,C0005,D0006,S008,,76.5,27.07,49.43,0.1,1.12,6.1,5,Excellent Progress,Paid,No
T00026,2026-04-11,C0005,D0006,S011,,28.5,13.35,15.15,0.05,0.66,11.2,5,Completed Goals,Paid,Yes
T00027,2026-04-25,C0005,D0006,S013,,118.75,44.41,74.34,0.05,12.24,10.2,5,Excellent Progress,Paid,No
T00028,2026-04-01,C0005,D0006,S004,,27.0,14.87,12.13,0.1,0.71,10.7,5,Moderate Progress,Paid,No
T00029,2026-02-23,C0005,D0006,S007,,45.0,18.54,26.46,0.0,0.75,7.3,5,Completed Goals,Paid,No
T00030,2026-04-19,C0005,D0006,S006,,60.0,19.42,40.58,0.0,1.3,9.9,5,Excellent Progress,Paid,No
T00031,2026-04-05,C0005,D0006,S001,,125.0,41.42,83.58,0.0,1.24,9.1,5,Completed Goals,Paid,No
T00032,2026-01-26,C0005,D0006,S001,,125.0,40.9,84.1,0.0,1.13,9.6,5,Completed Goals,Paid,Yes
T00033,2026-04-21,C0005,D0006,S008,,76.5,25.73,50.77,0.1,1.19,4.1,5,Excellent Progress,Paid,No
T00034,2026-04-25,C0005,D0006,S006,,54.0,16.67,37.33,0.1,1.1,5.5,5,Excellent Progress,Paid,Yes
T00035,2026-05-28,C0005,D0006,S001,,118.75,38.96,79.79,0.05,1.4,5.8,5,Moderate Progress,Paid,Yes
T00036,2026-02-24,C0006,D0007,S005,,45.0,12.58,32.42,0.0,1.1,19.7,5,Completed Goals,Paid,No
T00037,2026-04-12,C0006,D0008,S003,,675.0,180.33,494.67,0.0,1.08,21.9,5,Moderate Progress,Paid,Yes
T00038,2025-12-04,C0006,D0007,S013,,125.0,42.11,82.89,0.0,12.31,20.2,5,Excellent Progress,Paid,No
T00039,2026-01-11,C0006,D0008,S007,,42.75,12.98,29.77,0.05,0.9,20.3,5,Excellent Progress,Paid,No
T00040,2026-05-23,C0007,D0011,S004,M008,28.5,10.28,18.22,0.05,0.77,20.8,5,Excellent Progress,Pending,Yes
T00041,2026-05-08,C0007,D0011,S005,M008,40.5,16.33,24.17,0.1,1.08,20.2,5,Completed Goals,Paid,Yes
T00042,2025-09-05,C0007,D0009,S004,M008,30.0,11.11,18.89,0.0,0.82,15.3,5,Completed Goals,Pending,Yes
T00043,2025-08-27,C0007,D0010,S001,M008,112.5,35.65,76.85,0.1,1.26,17.1,5,Excellent Progress,Paid,Yes
T00044,2026-04-25,C0007,D0009,S010,M008,18.0,9.8,8.2,0.1,0.44,16.7,5,Completed Goals,Paid,Yes
T00045,2025-12-13,C0007,D0010,S004,M008,30.0,14.61,15.39,0.0,0.8,18.5,5,Excellent Progress,Paid,No
T00046,2026-01-31,C0007,D0010,S001,M008,112.5,37.66,74.84,0.1,1.35,18.0,5,Excellent Progress,Pending,Yes
T00047,2026-05-17,C0007,D0011,S004,M008,30.0,9.24,20.76,0.0,0.69,17.1,5,Excellent Progress,Pending,No
T00048,2026-04-06,C0008,D0012,S004,M008,30.0,9.4,20.6,0.0,0.9,22.8,5,Moderate Progress,Paid,Yes
T00049,2026-01-13,C0008,D0012,S011,M008,27.0,9.12,17.88,0.1,0.64,22.6,5,Excellent Progress,Pending,Yes
T00050,2026-05-12,C0008,D0012,S007,M008,40.5,18.78,21.72,0.1,0.8,27.8,5,Excellent Progress,Paid,No
T00051,2026-03-26,C0009,D0013,S007,M008,45.0,15.01,29.99,0.0,0.55,6.0,5,Excellent Progress,Pending,No
T00052,2025-11-16,C0009,D0013,S005,M008,40.5,13.06,27.44,0.1,1.15,7.8,5,Completed Goals,Paid,No
T00053,2026-05-08,C0009,D0013,S011,M008,30.0,10.19,19.81,0.0,0.62,7.8,5,Excellent Progress,Paid,No
T00054,2025-05-22,C0009,D0013,S001,M008,125.0,40.94,84.06,0.0,1.28,9.4,5,Completed Goals,Paid,No
T00055,2025-07-20,C0009,D0013,S002,M008,320.62,92.98,227.64,0.1,1.21,10.3,5,Excellent Progress,Paid,No
T00056,2025-10-10,C0010,D0014,S008,,76.5,22.03,54.47,0.1,1.13,23.6,5,Excellent Progress,Pending,No
T00057,2025-11-09,C0011,D0015,S007,M008,45.0,13.84,31.16,0.0,0.85,25.7,5,Excellent Progress,Pending,No
T00058,2025-12-26,C0011,D0015,S004,M008,30.0,12.13,17.87,0.0,0.79,24.0,5,Completed Goals,Paid,Yes
T00059,2025-07-15,C0011,D0015,S005,M008,42.75,16.45,26.3,0.05,1.04,26.7,5,Needs Follow-Up,Paid,No
T00060,2025-12-22,C0011,D0015,S002,M008,356.25,96.66,259.59,0.0,1.22,23.1,5,Excellent Progress,Paid,No
T00061,2026-05-04,C0011,D0015,S006,M008,54.0,19.96,34.04,0.1,1.33,23.3,5,Completed Goals,Paid,Yes
T00062,2026-01-14,C0011,D0015,S007,M008,40.5,17.43,23.07,0.1,0.84,24.4,5,Moderate Progress,Pending,No
T00063,2025-06-27,C0011,D0015,S015,M008,30.0,12.12,17.88,0.0,0.56,23.6,5,Moderate Progress,Paid,No
T00064,2026-03-03,C0011,D0015,S011,M008,27.0,8.16,18.84,0.1,0.6,23.2,5,Completed Goals,Pending,No
T00065,2026-04-29,C0012,D0017,S002,M004,356.25,94.01,262.24,0.0,1.38,13.3,5,Moderate Progress,Paid,Yes
T00066,2026-05-19,C0012,D0018,S015,M004,30.0,10.91,19.09,0.0,0.6,10.3,5,Completed Goals,Paid,No
T00067,2026-03-04,C0012,D0018,S007,M004,42.75,12.53,30.22,0.05,0.83,15.3,5,Excellent Progress,Paid,Yes
T00068,2026-01-29,C0012,D0018,S004,M004,30.0,11.21,18.79,0.0,0.78,12.0,5,Completed Goals,Paid,No
T00069,2026-03-11,C0012,D0017,S006,M004,60.0,16.91,43.09,0.0,1.35,15.5,5,Moderate Progress,Paid,Yes
T00070,2025-07-08,C0013,D0020,S013,,118.75,38.0,80.75,0.05,12.39,8.6,5,Excellent Progress,Paid,No
T00071,2025-12-19,C0014,D0021,S013,,125.0,38.58,86.42,0.0,12.28,11.7,5,Completed Goals,Paid,Yes
T00072,2026-05-25,C0014,D0021,S008,,85.0,22.55,62.45,0.0,1.26,10.6,5,Excellent Progress,Paid,No
T00073,2026-03-14,C0014,D0021,S015,,28.5,6.5,22.0,0.05,0.68,12.3,5,Completed Goals,Paid,No
T00074,2025-12-30,C0014,D0021,S005,,45.0,12.06,32.94,0.0,1.03,10.0,5,Excellent Progress,Paid,Yes
T00075,2026-03-19,C0014,D0021,S008,,85.0,22.98,62.02,0.0,1.09,12.3,5,Excellent Progress,Paid,No
T00076,2025-12-17,C0014,D0021,S004,,27.0,13.05,13.95,0.1,0.65,14.0,5,Completed Goals,Paid,No
T00077,2026-04-05,C0014,D0021,S006,,57.0,16.38,40.62,0.05,1.36,14.1,5,Excellent Progress,Paid,No
T00078,2025-11-29,C0014,D0021,S006,,54.0,22.03,31.97,0.1,1.25,9.4,5,Excellent Progress,Paid,No
T00079,2025-11-29,C0014,D0021,S007,,40.5,12.42,28.08,0.1,0.83,10.5,5,Excellent Progress,Paid,Yes
T00080,2025-12-17,C0014,D0021,S009,,94.5,28.55,65.95,0.1,1.87,14.3,5,Completed Goals,Pending,No
T00081,2026-03-17,C0014,D0021,S004,,30.0,14.47,15.53,0.0,0.59,11.4,5,Completed Goals,Paid,No
T00082,2025-12-31,C0014,D0021,S001,,125.0,38.47,86.53,0.0,1.17,10.6,5,Moderate Progress,Paid,Yes
T00083,2026-04-08,C0015,D0022,S013,M004,125.0,40.35,84.65,0.0,12.2,13.4,5,Completed Goals,Paid,Yes
T00084,2025-10-17,C0015,D0022,S006,M004,54.0,17.1,36.9,0.1,1.32,16.3,5,Excellent Progress,Paid,No
T00085,2026-01-31,C0015,D0022,S003,M004,641.25,186.44,454.81,0.05,1.11,16.9,5,Completed Goals,Paid,No
T00086,2026-05-25,C0015,D0022,S003,M004,675.0,185.78,489.22,0.0,1.25,10.1,5,Moderate Progress,Pending,Yes
T00087,2025-10-20,C0015,D0022,S014,M004,65.0,25.41,39.59,0.0,6.16,9.9,5,Excellent Progress,Pending,No
T00088,2025-12-04,C0015,D0022,S010,M004,20.0,8.45,11.55,0.0,0.65,10.7,5,Moderate Progress,Paid,No
T00089,2025-10-09,C0015,D0022,S013,M004,112.5,40.42,72.08,0.1,12.34,16.2,5,Needs Follow-Up,Paid,No
T00090,2025-12-02,C0015,D0022,S002,M004,338.44,96.73,241.71,0.05,1.39,10.3,5,Completed Goals,Pending,No
T00091,2026-03-29,C0016,D0023,S005,,40.5,12.93,27.57,0.1,1.09,7.5,5,Excellent Progress,Paid,No
T00092,2026-05-21,C0016,D0024,S004,,28.5,13.15,15.35,0.05,0.66,9.1,5,Completed Goals,Pending,No
T00093,2025-06-04,C0016,D0024,S002,M003,338.44,92.2,246.24,0.05,1.09,9.8,5,Moderate Progress,Paid,Yes
T00094,2026-04-29,C0016,D0024,S001,,112.5,35.28,77.22,0.1,1.34,9.6,5,Completed Goals,Paid,No
T00095,2026-02-21,C0016,D0024,S006,,60.0,17.22,42.78,0.0,1.38,13.8,5,Excellent Progress,Paid,Yes
T00096,2025-05-24,C0017,D0025,S011,M002,30.0,13.88,16.12,0.0,0.6,21.1,5,Excellent Progress,Pending,No
T00097,2025-04-30,C0017,D0025,S013,M002,125.0,39.38,85.62,0.0,12.28,21.0,5,Completed Goals,Paid,No
T00098,2026-04-06,C0018,D0027,S001,M008,118.75,35.21,83.54,0.05,1.29,8.3,5,Completed Goals,Paid,Yes
T00099,2025-12-31,C0018,D0027,S001,M008,118.75,37.88,80.87,0.05,1.24,7.4,5,Completed Goals,Pending,Yes
T00100,2025-09-06,C0018,D0027,S008,M008,85.0,27.47,57.53,0.0,1.17,11.5,5,Completed Goals,Paid,No
T00101,2026-01-18,C0018,D0026,S001,M008,118.75,38.71,80.04,0.05,1.32,14.9,5,Needs Follow-Up,Paid,No
T00102,2025-09-25,C0018,D0026,S011,M008,27.0,12.58,14.42,0.1,0.67,13.6,5,Moderate Progress,Paid,No
T00103,2026-02-24,C0018,D0026,S009,M008,94.5,33.86,60.64,0.1,1.83,14.7,5,Excellent Progress,Paid,No
T00104,2025-12-18,C0018,D0026,S003,M008,607.5,183.35,424.15,0.1,1.17,11.8,5,Moderate Progress,Paid,Yes
T00105,2025-11-08,C0018,D0026,S001,M008,112.5,41.02,71.48,0.1,1.39,9.9,5,Needs Follow-Up,Paid,No
T00106,2025-11-16,C0018,D0027,S004,M008,28.5,9.22,19.28,0.05,0.89,12.5,5,Moderate Progress,Pending,No
T00107,2026-01-25,C0018,D0026,S005,M008,45.0,18.64,26.36,0.0,1.13,10.1,5,Needs Follow-Up,Paid,No
T00108,2025-12-19,C0018,D0026,S013,M008,118.75,38.98,79.77,0.05,12.31,8.8,5,Needs Follow-Up,Paid,Yes
T00109,2025-12-13,C0018,D0026,S001,M008,125.0,37.45,87.55,0.0,1.33,12.7,5,Completed Goals,Paid,No
T00110,2026-03-09,C0018,D0027,S006,M008,54.0,21.8,32.2,0.1,1.33,11.6,5,Moderate Progress,Paid,No
T00111,2026-02-07,C0018,D0027,S004,M008,27.0,9.19,17.81,0.1,0.68,12.8,5,Excellent Progress,Paid,Yes
T00112,2026-04-05,C0018,D0026,S009,M008,94.5,29.1,65.4,0.1,1.59,8.6,5,Completed Goals,Paid,No
T00113,2025-09-22,C0018,D0027,S003,M008,607.5,183.85,423.65,0.1,1.22,7.4,5,Completed Goals,Paid,Yes
T00114,2025-11-23,C0018,D0027,S001,M008,125.0,38.31,86.69,0.0,1.09,13.2,5,Excellent Progress,Paid,No
T00115,2025-11-30,C0018,D0027,S007,M008,42.75,15.12,27.63,0.05,0.64,10.7,5,Completed Goals,Paid,No
T00116,2026-02-17,C0019,D0028,S004,M004,27.0,8.43,18.57,0.1,0.69,18.7,5,Needs Follow-Up,Pending,No
T00117,2025-09-07,C0020,D0031,S001,,112.5,41.3,71.2,0.1,1.33,9.4,5,Excellent Progress,Paid,Yes
T00118,2025-11-14,C0020,D0029,S014,,65.0,20.88,44.12,0.0,6.2,11.9,5,Excellent Progress,Paid,No
T00119,2025-09-24,C0020,D0029,S004,,28.5,11.86,16.64,0.05,0.85,8.1,5,Moderate Progress,Pending,Yes
T00120,2025-11-05,C0020,D0029,S001,,112.5,39.12,73.38,0.1,1.32,11.5,5,Needs Follow-Up,Paid,No
T00121,2026-05-19,C0021,D0033,S013,M008,125.0,40.68,84.32,0.0,12.22,26.4,5,Completed Goals,Pending,Yes
T00122,2026-05-25,C0021,D0033,S001,M008,125.0,35.35,89.65,0.0,1.22,23.7,5,Excellent Progress,Paid,No
T00123,2026-05-09,C0021,D0032,S012,M008,54.0,20.82,33.18,0.1,1.21,28.1,5,Completed Goals,Paid,Yes
T00124,2026-04-21,C0021,D0033,S002,M008,338.44,95.32,243.12,0.05,1.35,28.1,5,Excellent Progress,Pending,No
T00125,2026-05-05,C0021,D0032,S001,M008,125.0,36.35,88.65,0.0,1.34,28.2,5,Completed Goals,Paid,No
T00126,2025-10-19,C0021,D0033,S004,M008,30.0,9.69,20.31,0.0,0.72,25.1,5,Needs Follow-Up,Paid,No
T00127,2025-07-06,C0021,D0032,S011,M008,27.0,7.35,19.65,0.1,0.85,27.8,5,Completed Goals,Paid,No
T00128,2025-11-13,C0021,D0032,S008,M008,85.0,22.93,62.07,0.0,1.11,27.9,5,Completed Goals,Paid,Yes
T00129,2026-05-06,C0021,D0033,S013,M008,118.75,39.76,78.99,0.05,12.21,26.9,5,Moderate Progress,Paid,No
T00130,2025-12-25,C0021,D0033,S007,M008,45.0,15.37,29.63,0.0,0.67,23.7,5,Completed Goals,Paid,No
T00131,2025-06-27,C0021,D0032,S006,M008,54.0,18.24,35.76,0.1,1.1,21.7,5,Excellent Progress,Paid,Yes
T00132,2025-12-19,C0021,D0032,S010,M008,20.0,6.56,13.44,0.0,0.57,27.8,5,Moderate Progress,Paid,No
T00133,2026-04-30,C0022,D0034,S006,,54.0,17.28,36.72,0.1,1.29,11.9,5,Completed Goals,Paid,Yes
T00134,2026-03-09,C0022,D0034,S011,,30.0,10.25,19.75,0.0,0.59,9.6,5,Excellent Progress,Pending,No
T00135,2026-02-19,C0022,D0034,S006,,57.0,18.89,38.11,0.05,1.35,10.4,5,Needs Follow-Up,Pending,Yes
T00136,2025-05-30,C0023,D0035,S012,M008,57.0,20.91,36.09,0.05,1.16,21.8,5,Excellent Progress,Pending,No
T00137,2026-03-24,C0023,D0035,S006,M008,60.0,20.43,39.57,0.0,1.19,29.1,5,Excellent Progress,Paid,No
T00138,2025-11-08,C0024,D0036,S010,M007,20.0,9.39,10.61,0.0,0.47,14.7,5,Completed Goals,Pending,No
T00139,2026-04-07,C0024,D0036,S002,M007,356.25,96.64,259.61,0.0,1.21,13.3,5,Excellent Progress,Paid,No
T00140,2025-05-17,C0024,D0036,S004,M007,27.0,9.57,17.43,0.1,0.89,10.9,5,Completed Goals,Paid,No
T00141,2026-01-03,C0024,D0036,S005,M007,40.5,16.16,24.34,0.1,0.82,10.0,5,Moderate Progress,Paid,Yes
T00142,2025-11-17,C0024,D0036,S005,M007,42.75,13.44,29.31,0.05,1.04,9.3,5,Excellent Progress,Pending,No
T00143,2026-05-16,C0024,D0036,S005,M007,40.5,12.82,27.68,0.1,0.84,10.0,5,Completed Goals,Pending,No
T00144,2025-09-07,C0024,D0036,S004,M007,27.0,11.47,15.53,0.1,0.62,16.6,5,Completed Goals,Paid,Yes
T00145,2025-03-28,C0024,D0036,S002,,356.25,96.33,259.92,0.0,1.28,12.8,5,Needs Follow-Up,Paid,Yes
T00146,2026-05-03,C0024,D0036,S011,M007,30.0,11.74,18.26,0.0,0.7,10.1,5,Moderate Progress,Paid,No
T00147,2026-05-13,C0024,D0036,S004,M007,27.0,13.13,13.87,0.1,0.68,11.9,5,Completed Goals,Paid,Yes
T00148,2025-10-12,C0024,D0036,S009,M007,94.5,32.87,61.63,0.1,1.57,16.7,5,Completed Goals,Pending,Yes
T00149,2025-08-23,C0024,D0036,S002,M007,320.62,90.2,230.42,0.1,1.29,15.9,5,Needs Follow-Up,Paid,No
T00150,2026-02-08,C0025,D0037,S001,,112.5,40.37,72.13,0.1,1.25,26.0,5,Needs Follow-Up,Paid,No
T00151,2025-10-19,C0025,D0037,S006,,60.0,20.65,39.35,0.0,1.27,22.7,5,Moderate Progress,Pending,No
T00152,2025-11-20,C0025,D0037,S001,,118.75,41.09,77.66,0.05,1.08,25.4,5,Completed Goals,Paid,No
T00153,2026-03-13,C0025,D0037,S003,,675.0,180.55,494.45,0.0,1.21,26.1,5,Completed Goals,Paid,Yes
T00154,2026-01-17,C0026,D0038,S001,M008,112.5,38.84,73.66,0.1,1.34,13.3,5,Needs Follow-Up,Pending,No
T00155,2026-03-24,C0026,D0039,S002,M008,356.25,92.54,263.71,0.0,1.07,8.7,5,Excellent Progress,Pending,No
T00156,2026-03-21,C0026,D0039,S006,M008,54.0,21.32,32.68,0.1,1.13,9.7,5,Moderate Progress,Paid,No
T00157,2025-10-15,C0026,D0038,S009,M008,94.5,33.02,61.48,0.1,1.8,7.8,5,Excellent Progress,Paid,No
T00158,2026-04-22,C0026,D0038,S005,M008,40.5,14.9,25.6,0.1,1.12,13.6,5,Excellent Progress,Paid,Yes
T00159,2026-02-10,C0026,D0038,S008,M008,76.5,27.15,49.35,0.1,1.24,10.4,5,Excellent Progress,Paid,No
T00160,2025-11-05,C0026,D0038,S010,M008,19.0,9.24,9.76,0.05,0.5,14.0,5,Excellent Progress,Paid,No
T00161,2025-12-30,C0026,D0039,S005,M008,42.75,12.97,29.78,0.05,1.01,14.0,5,Excellent Progress,Pending,No
T00162,2026-05-31,C0026,D0038,S010,M008,20.0,10.0,10.0,0.0,0.62,14.3,5,Completed Goals,Paid,No
T00163,2026-04-16,C0026,D0039,S009,M008,94.5,31.99,62.51,0.1,1.78,10.3,5,Excellent Progress,Paid,Yes
T00164,2026-02-14,C0026,D0038,S011,M008,30.0,7.37,22.63,0.0,0.57,9.1,5,Moderate Progress,Paid,No
T00165,2026-03-29,C0026,D0039,S012,M008,60.0,14.23,45.77,0.0,1.33,7.8,5,Moderate Progress,Paid,Yes
T00166,2026-04-22,C0026,D0039,S003,M008,675.0,186.49,488.51,0.0,1.19,14.6,5,Needs Follow-Up,Pending,Yes
T00167,2025-12-07,C0026,D0038,S001,M008,112.5,41.08,71.42,0.1,1.35,10.5,5,Completed Goals,Paid,No
T00168,2026-03-07,C0026,D0038,S007,M008,45.0,13.24,31.76,0.0,0.79,8.4,5,Completed Goals,Paid,No
T00169,2026-02-23,C0026,D0039,S005,M008,40.5,17.92,22.58,0.1,0.8,10.7,5,Moderate Progress,Paid,No
T00170,2026-03-13,C0026,D0039,S010,M008,19.0,8.85,10.15,0.05,0.41,12.6,5,Excellent Progress,Pending,No
T00171,2025-11-13,C0026,D0039,S011,M008,27.0,7.64,19.36,0.1,0.63,8.6,5,Completed Goals,Paid,Yes
T00172,2026-05-02,C0026,D0038,S015,M008,30.0,10.68,19.32,0.0,0.71,14.2,5,Excellent Progress,Paid,No
T00173,2026-04-25,C0026,D0038,S005,M008,42.75,17.07,25.68,0.05,0.81,11.1,5,Moderate Progress,Pending,Yes
T00174,2025-12-18,C0026,D0038,S006,M008,60.0,22.64,37.36,0.0,1.11,14.6,5,Excellent Progress,Paid,No
T00175,2026-05-01,C0027,D0040,S010,,20.0,10.8,9.2,0.0,0.69,27.3,5,Excellent Progress,Paid,No
T00176,2026-03-24,C0027,D0040,S001,,125.0,35.61,89.39,0.0,1.07,27.7,5,Excellent Progress,Paid,No
T00177,2026-01-15,C0027,D0040,S005,,42.75,14.73,28.02,0.05,0.84,21.4,5,Excellent Progress,Pending,No
T00178,2025-10-10,C0027,D0040,S009,,94.5,33.51,60.99,0.1,1.66,22.0,5,Moderate Progress,Paid,No
T00179,2026-02-05,C0027,D0040,S006,,60.0,21.58,38.42,0.0,1.35,23.7,5,Excellent Progress,Paid,No
T00180,2025-11-29,C0028,D0041,S007,M006,45.0,14.76,30.24,0.0,0.74,15.2,5,Completed Goals,Paid,Yes
T00181,2026-03-09,C0028,D0041,S013,,125.0,39.29,85.71,0.0,12.27,16.5,5,Completed Goals,Pending,No
T00182,2026-03-18,C0028,D0041,S012,,54.0,18.7,35.3,0.1,1.14,16.1,5,Excellent Progress,Paid,No
T00183,2025-12-28,C0028,D0041,S008,M006,85.0,28.3,56.7,0.0,1.16,18.1,5,Excellent Progress,Pending,No
T00184,2026-01-02,C0029,D0042,S014,,65.0,21.72,43.28,0.0,6.13,5.9,5,Excellent Progress,Paid,No
T00185,2026-03-18,C0029,D0043,S013,,125.0,43.42,81.58,0.0,12.22,1.0,5,Excellent Progress,Paid,No
T00186,2026-01-09,C0029,D0043,S013,,125.0,43.09,81.91,0.0,12.36,6.8,5,Excellent Progress,Pending,Yes
T00187,2026-01-13,C0029,D0042,S010,,18.0,11.26,6.74,0.1,0.57,5.2,5,Completed Goals,Pending,No
T00188,2026-03-28,C0029,D0042,S001,,118.75,37.55,81.2,0.05,1.05,1.9,5,Needs Follow-Up,Paid,No
T00189,2025-12-30,C0029,D0042,S001,,112.5,41.64,70.86,0.1,1.28,7.7,5,Moderate Progress,Paid,Yes
T00190,2026-03-24,C0029,D0042,S003,,675.0,181.85,493.15,0.0,1.13,5.3,5,Excellent Progress,Paid,No
T00191,2025-12-01,C0029,D0042,S013,,125.0,38.72,86.28,0.0,12.39,5.1,5,Completed Goals,Pending,No
T00192,2026-02-26,C0030,D0044,S005,,40.5,18.81,21.69,0.1,0.88,24.6,5,Moderate Progress,Paid,No
T00193,2025-07-12,C0030,D0044,S006,,60.0,19.6,40.4,0.0,1.15,22.5,5,Completed Goals,Paid,No
T00194,2025-10-18,C0030,D0044,S005,,42.75,15.35,27.4,0.05,1.01,26.5,5,Excellent Progress,Paid,No
T00195,2026-03-15,C0031,D0045,S006,M004,54.0,22.46,31.54,0.1,1.23,24.8,5,Needs Follow-Up,Paid,No
T00196,2026-02-17,C0031,D0045,S005,M004,45.0,14.88,30.12,0.0,0.85,26.2,5,Moderate Progress,Paid,No
T00197,2025-03-26,C0032,D0046,S008,M001,80.75,22.76,57.99,0.05,1.12,13.8,5,Excellent Progress,Pending,No
T00198,2026-05-26,C0032,D0046,S002,,320.62,93.52,227.1,0.1,1.09,10.8,5,Completed Goals,Paid,No
T00199,2025-11-13,C0032,D0047,S008,M006,85.0,26.88,58.12,0.0,1.2,14.4,5,Excellent Progress,Pending,No
T00200,2025-06-29,C0032,D0047,S005,,45.0,12.59,32.41,0.0,1.01,11.3,5,Completed Goals,Paid,No
T00201,2025-08-30,C0032,D0046,S006,,60.0,16.75,43.25,0.0,1.2,11.6,5,Completed Goals,Pending,No
T00202,2026-02-02,C0032,D0047,S008,,85.0,27.49,57.51,0.0,1.22,9.9,5,Excellent Progress,Paid,No
T00203,2025-09-10,C0032,D0046,S010,,20.0,8.13,11.87,0.0,0.63,8.2,5,Completed Goals,Paid,No
T00204,2026-01-10,C0032,D0046,S002,,356.25,95.76,260.49,0.0,1.22,11.7,5,Completed Goals,Paid,Yes
T00205,2026-02-24,C0032,D0047,S008,,80.75,25.65,55.1,0.05,1.3,11.7,5,Moderate Progress,Paid,Yes
T00206,2026-04-30,C0032,D0047,S001,,125.0,35.24,89.76,0.0,1.26,11.1,5,Completed Goals,Paid,No
T00207,2025-02-19,C0032,D0046,S003,M001,675.0,186.98,488.02,0.0,1.32,9.8,5,Excellent Progress,Paid,Yes
T00208,2026-02-25,C0032,D0047,S007,,45.0,13.94,31.06,0.0,0.76,8.5,5,Moderate Progress,Paid,No
T00209,2025-03-06,C0033,D0048,S001,,125.0,41.63,83.37,0.0,1.33,14.1,5,Moderate Progress,Pending,No
T00210,2025-08-09,C0033,D0048,S009,M007,105.0,34.73,70.27,0.0,1.71,10.2,5,Excellent Progress,Paid,No
T00211,2026-03-07,C0033,D0048,S005,M007,45.0,14.89,30.11,0.0,0.92,10.8,5,Excellent Progress,Paid,Yes
T00212,2026-03-24,C0033,D0048,S008,M007,85.0,23.25,61.75,0.0,1.16,8.2,5,Excellent Progress,Paid,No
T00213,2025-08-21,C0034,D0049,S003,,675.0,181.42,493.58,0.0,1.14,19.5,5,Completed Goals,Paid,No
T00214,2025-12-16,C0034,D0049,S014,M006,58.5,26.71,31.79,0.1,6.35,17.5,5,Completed Goals,Paid,No
T00215,2025-12-25,C0034,D0049,S015,M006,28.5,7.55,20.95,0.05,0.75,14.9,5,Moderate Progress,Pending,No
T00216,2025-08-05,C0035,D0050,S009,,105.0,31.22,73.78,0.0,1.79,21.6,5,Completed Goals,Paid,No
T00217,2025-09-17,C0035,D0050,S008,,76.5,23.89,52.61,0.1,1.39,24.3,5,Completed Goals,Paid,No
T00218,2025-11-29,C0035,D0050,S004,M006,27.0,8.92,18.08,0.1,0.75,23.3,5,Completed Goals,Pending,Yes
T00219,2025-08-16,C0035,D0050,S012,,60.0,14.07,45.93,0.0,1.2,22.6,5,Moderate Progress,Pending,No
T00220,2026-02-24,C0036,D0051,S004,M008,27.0,9.14,17.86,0.1,0.63,2.0,5,Moderate Progress,Paid,No
T00221,2026-02-23,C0036,D0051,S004,M008,27.0,8.85,18.15,0.1,0.85,7.7,5,Completed Goals,Paid,No
T00222,2026-02-11,C0036,D0051,S004,M008,28.5,10.67,17.83,0.05,0.65,5.1,5,Completed Goals,Paid,Yes
T00223,2025-10-22,C0036,D0051,S012,M008,60.0,16.19,43.81,0.0,1.28,5.7,5,Excellent Progress,Paid,Yes
T00224,2025-11-20,C0036,D0051,S005,M008,45.0,16.63,28.37,0.0,1.13,5.6,5,Completed Goals,Paid,No
T00225,2026-02-02,C0036,D0051,S013,M008,125.0,43.4,81.6,0.0,12.23,8.0,5,Completed Goals,Paid,No
T00226,2026-04-10,C0036,D0051,S003,M008,641.25,184.39,456.86,0.05,1.1,6.7,5,Completed Goals,Paid,No
T00227,2026-02-19,C0036,D0051,S014,M008,58.5,23.11,35.39,0.1,6.39,5.6,5,Completed Goals,Pending,No
T00228,2025-08-14,C0037,D0052,S006,M008,57.0,18.89,38.11,0.05,1.1,7.0,5,Excellent Progress,Paid,No
T00229,2025-04-24,C0037,D0052,S006,M008,57.0,21.36,35.64,0.05,1.33,11.7,5,Moderate Progress,Paid,Yes
T00230,2025-07-12,C0037,D0052,S005,M008,42.75,12.55,30.2,0.05,1.02,11.1,5,Moderate Progress,Paid,No
T00231,2025-05-25,C0037,D0052,S005,M008,45.0,16.46,28.54,0.0,1.02,9.1,5,Excellent Progress,Paid,No
T00232,2025-05-01,C0037,D0052,S014,M008,65.0,21.97,43.03,0.0,6.09,10.4,5,Completed Goals,Paid,No
T00233,2025-09-26,C0037,D0052,S004,M008,30.0,13.54,16.46,0.0,0.67,13.7,5,Needs Follow-Up,Paid,Yes
T00234,2025-08-26,C0037,D0052,S002,M008,356.25,90.85,265.4,0.0,1.32,8.9,5,Moderate Progress,Paid,No
T00235,2025-06-07,C0037,D0052,S010,M008,19.0,11.73,7.27,0.05,0.71,8.2,5,Excellent Progress,Paid,Yes
T00236,2025-07-30,C0037,D0052,S008,M008,85.0,23.52,61.48,0.0,1.09,12.0,5,Completed Goals,Pending,No
T00237,2025-08-22,C0037,D0052,S005,M008,45.0,16.84,28.16,0.0,1.04,8.2,5,Moderate Progress,Paid,No
T00238,2026-05-13,C0037,D0052,S013,M008,125.0,40.49,84.51,0.0,12.1,11.2,5,Completed Goals,Pending,No
T00239,2025-11-30,C0037,D0052,S011,M008,30.0,9.51,20.49,0.0,0.6,14.1,5,Excellent Progress,Pending,Yes
T00240,2025-10-28,C0038,D0053,S007,M008,45.0,16.19,28.81,0.0,0.85,1.3,5,Excellent Progress,Paid,No
T00241,2026-04-07,C0038,D0053,S005,M008,45.0,16.34,28.66,0.0,0.93,5.0,5,Completed Goals,Pending,Yes
T00242,2026-04-30,C0038,D0053,S002,M008,320.62,91.08,229.54,0.1,1.15,3.3,5,Excellent Progress,Paid,Yes
T00243,2025-07-21,C0038,D0053,S011,M008,30.0,10.4,19.6,0.0,0.58,4.6,5,Moderate Progress,Pending,No
T00244,2025-09-06,C0038,D0053,S001,M008,125.0,41.51,83.49,0.0,1.12,3.9,5,Moderate Progress,Paid,No
T00245,2025-12-14,C0038,D0053,S007,M008,45.0,13.86,31.14,0.0,0.56,1.0,5,Completed Goals,Pending,No
T00246,2025-09-11,C0038,D0053,S001,M008,125.0,36.35,88.65,0.0,1.28,4.6,5,Needs Follow-Up,Pending,No
T00247,2026-03-23,C0039,D0054,S010,,19.0,7.99,11.01,0.05,0.42,12.8,5,Excellent Progress,Paid,Yes
T00248,2025-11-09,C0039,D0054,S013,,125.0,40.89,84.11,0.0,12.27,13.1,5,Completed Goals,Pending,No
T00249,2026-03-09,C0039,D0054,S005,,45.0,15.13,29.87,0.0,0.94,12.3,5,Needs Follow-Up,Pending,No
T00250,2025-11-02,C0039,D0054,S015,,30.0,12.89,17.11,0.0,0.63,9.0,5,Moderate Progress,Paid,No
T00251,2026-01-22,C0039,D0054,S001,,125.0,35.97,89.03,0.0,1.18,11.1,5,Completed Goals,Paid,No
T00252,2025-09-20,C0039,D0054,S005,,45.0,13.21,31.79,0.0,1.09,12.0,5,Excellent Progress,Pending,No
T00253,2026-03-23,C0039,D0054,S001,,125.0,40.46,84.54,0.0,1.37,9.1,5,Moderate Progress,Paid,Yes
T00254,2026-04-05,C0039,D0054,S010,,18.0,8.67,9.33,0.1,0.5,11.0,5,Completed Goals,Paid,No
T00255,2025-09-15,C0040,D0055,S015,M004,30.0,9.02,20.98,0.0,0.83,1.2,5,Completed Goals,Pending,Yes
T00256,2025-08-22,C0040,D0055,S004,M004,30.0,11.37,18.63,0.0,0.62,3.2,5,Excellent Progress,Paid,No
T00257,2025-09-07,C0040,D0055,S004,M004,27.0,12.7,14.3,0.1,0.7,2.8,5,Completed Goals,Paid,No
T00258,2025-12-11,C0040,D0055,S015,M004,27.0,7.02,19.98,0.1,0.57,6.5,5,Completed Goals,Paid,No
T00259,2025-12-13,C0040,D0055,S003,M004,675.0,180.1,494.9,0.0,1.29,1.0,5,Excellent Progress,Pending,Yes
T00260,2026-01-28,C0041,D0056,S006,,54.0,16.99,37.01,0.1,1.29,21.7,5,Excellent Progress,Paid,No
T00261,2026-02-10,C0041,D0056,S002,,320.62,91.9,228.72,0.1,1.21,29.1,5,Completed Goals,Paid,Yes
T00262,2026-03-29,C0042,D0057,S013,M004,125.0,44.86,80.14,0.0,12.23,20.2,5,Moderate Progress,Paid,No
T00263,2025-08-14,C0043,D0058,S005,M008,45.0,14.13,30.87,0.0,0.97,6.0,5,Completed Goals,Paid,No
T00264,2026-04-16,C0043,D0059,S015,M008,30.0,10.38,19.62,0.0,0.86,7.1,5,Moderate Progress,Paid,No
T00265,2026-02-20,C0043,D0058,S004,M008,30.0,11.65,18.35,0.0,0.79,7.0,5,Excellent Progress,Paid,No
T00266,2026-01-18,C0043,D0059,S013,M008,112.5,38.92,73.58,0.1,12.28,4.6,5,Excellent Progress,Paid,No
T00267,2026-02-08,C0044,D0060,S013,,125.0,38.47,86.53,0.0,12.24,9.7,5,Completed Goals,Paid,No
T00268,2026-04-17,C0044,D0060,S010,,20.0,11.54,8.46,0.0,0.7,11.4,5,Completed Goals,Paid,No
T00269,2026-03-11,C0044,D0060,S002,,320.62,91.63,228.99,0.1,1.29,6.8,5,Moderate Progress,Pending,No
T00270,2026-04-07,C0044,D0060,S006,,57.0,16.96,40.04,0.05,1.12,4.2,5,Moderate Progress,Paid,Yes
T00271,2025-09-14,C0045,D0061,S008,M004,76.5,28.68,47.82,0.1,1.2,26.5,5,Excellent Progress,Paid,Yes
T00272,2026-04-10,C0045,D0061,S010,M004,20.0,11.57,8.43,0.0,0.58,25.8,5,Excellent Progress,Pending,No
T00273,2025-06-24,C0045,D0061,S005,M004,40.5,18.89,21.61,0.1,0.81,24.6,5,Moderate Progress,Paid,Yes
T00274,2026-05-15,C0046,D0062,S004,M008,27.0,10.06,16.94,0.1,0.87,12.0,5,Moderate Progress,Paid,No
T00275,2026-03-14,C0046,D0062,S002,M008,338.44,92.89,245.55,0.05,1.21,7.9,5,Excellent Progress,Paid,Yes
T00276,2026-04-11,C0046,D0062,S003,M008,675.0,180.64,494.36,0.0,1.3,11.5,5,Completed Goals,Paid,No
T00277,2026-04-30,C0046,D0062,S005,M008,45.0,16.62,28.38,0.0,0.85,13.4,5,Completed Goals,Paid,No
T00278,2025-11-22,C0047,D0063,S014,,65.0,26.29,38.71,0.0,6.39,4.0,5,Moderate Progress,Paid,Yes
T00279,2025-06-30,C0047,D0064,S007,,45.0,16.62,28.38,0.0,0.71,7.5,5,Excellent Progress,Pending,No
T00280,2026-04-09,C0047,D0063,S008,,85.0,22.39,62.61,0.0,1.17,5.1,5,Completed Goals,Pending,No
T00281,2025-08-11,C0047,D0063,S004,,30.0,9.25,20.75,0.0,0.79,8.9,5,Excellent Progress,Pending,No
T00282,2026-04-20,C0047,D0064,S014,,65.0,20.65,44.35,0.0,6.15,6.9,5,Excellent Progress,Paid,No
T00283,2025-09-04,C0047,D0063,S004,,30.0,10.9,19.1,0.0,0.62,5.6,5,Completed Goals,Pending,No
T00284,2026-05-03,C0047,D0064,S006,,57.0,18.22,38.78,0.05,1.23,11.9,5,Excellent Progress,Pending,Yes
T00285,2026-05-17,C0047,D0064,S006,,57.0,22.19,34.81,0.05,1.13,6.3,5,Completed Goals,Paid,No
T00286,2026-03-12,C0048,D0066,S002,,338.44,90.32,248.12,0.05,1.17,28.0,5,Completed Goals,Paid,No
T00287,2025-12-23,C0048,D0066,S011,,27.0,12.37,14.63,0.1,0.59,24.2,5,Excellent Progress,Paid,No
T00288,2026-05-07,C0048,D0066,S002,,338.44,96.41,242.03,0.05,1.33,26.7,5,Excellent Progress,Pending,No
T00289,2026-05-02,C0048,D0066,S006,,60.0,18.1,41.9,0.0,1.3,24.0,5,Excellent Progress,Paid,No
T00290,2025-11-13,C0048,D0066,S001,,125.0,37.37,87.63,0.0,1.18,25.8,5,Completed Goals,Paid,No
T00291,2026-04-24,C0048,D0066,S001,,125.0,39.97,85.03,0.0,1.15,22.2,5,Moderate Progress,Paid,Yes
T00292,2025-11-19,C0048,D0065,S006,,60.0,21.44,38.56,0.0,1.37,25.1,5,Completed Goals,Pending,No
T00293,2026-05-30,C0048,D0066,S002,,320.62,92.17,228.45,0.1,1.16,27.7,5,Completed Goals,Pending,No
T00294,2025-10-20,C0049,D0067,S002,M008,338.44,95.0,243.44,0.05,1.23,1.0,5,Needs Follow-Up,Paid,No
T00295,2025-11-06,C0049,D0067,S013,M008,125.0,42.04,82.96,0.0,12.16,7.1,5,Completed Goals,Pending,No
T00296,2026-03-31,C0049,D0067,S010,M008,18.0,6.92,11.08,0.1,0.39,5.0,5,Excellent Progress,Pending,No
T00297,2026-04-09,C0049,D0067,S004,M008,27.0,8.5,18.5,0.1,0.76,2.7,5,Excellent Progress,Paid,No
T00298,2025-11-02,C0049,D0067,S005,M008,40.5,16.17,24.33,0.1,1.01,6.7,5,Excellent Progress,Paid,No
T00299,2026-03-31,C0049,D0067,S010,M008,19.0,5.65,13.35,0.05,0.66,5.6,5,Completed Goals,Paid,No
T00300,2025-11-16,C0049,D0067,S014,M008,65.0,22.74,42.26,0.0,6.29,5.3,5,Moderate Progress,Paid,No
T00301,2025-11-08,C0049,D0067,S001,M008,118.75,38.23,80.52,0.05,1.11,6.1,5,Excellent Progress,Paid,No
T00302,2026-01-02,C0049,D0067,S011,M008,30.0,9.81,20.19,0.0,0.69,5.0,5,Excellent Progress,Paid,No
T00303,2026-04-06,C0049,D0067,S002,M008,338.44,93.97,244.47,0.05,1.17,5.6,5,Completed Goals,Paid,No
T00304,2026-01-02,C0049,D0067,S008,M008,76.5,28.69,47.81,0.1,1.07,1.0,5,Moderate Progress,Paid,Yes
T00305,2025-10-26,C0049,D0067,S008,M008,85.0,28.21,56.79,0.0,1.37,5.1,5,Completed Goals,Paid,No
T00306,2026-03-07,C0049,D0067,S005,M008,45.0,18.14,26.86,0.0,0.9,6.4,5,Excellent Progress,Paid,No
T00307,2026-03-16,C0049,D0067,S007,M008,45.0,12.44,32.56,0.0,0.87,7.7,5,Completed Goals,Paid,No
T00308,2025-12-10,C0049,D0067,S013,M008,112.5,40.76,71.74,0.1,12.16,3.1,5,Excellent Progress,Paid,No
T00309,2026-01-17,C0049,D0067,S002,M008,338.44,91.08,247.36,0.05,1.4,5.4,5,Completed Goals,Paid,No
T00310,2026-03-28,C0049,D0067,S013,M008,125.0,38.59,86.41,0.0,12.27,3.3,5,Excellent Progress,Pending,No
T00311,2026-01-27,C0049,D0067,S005,M008,42.75,13.3,29.45,0.05,1.01,4.6,5,Moderate Progress,Paid,No
T00312,2025-10-29,C0050,D0070,S001,,125.0,35.79,89.21,0.0,1.22,9.5,5,Completed Goals,Paid,No
T00313,2026-02-21,C0051,D0071,S006,M004,60.0,21.19,38.81,0.0,1.39,9.8,5,Excellent Progress,Pending,No
T00314,2026-01-13,C0051,D0071,S013,M004,118.75,41.18,77.57,0.05,12.37,13.8,5,Completed Goals,Paid,No
T00315,2026-02-14,C0051,D0071,S001,M004,112.5,36.82,75.68,0.1,1.27,13.8,5,Excellent Progress,Pending,Yes
T00316,2025-05-27,C0051,D0071,S004,M004,27.0,13.49,13.51,0.1,0.64,14.1,5,Completed Goals,Pending,No
T00317,2026-03-21,C0052,D0073,S010,,20.0,9.91,10.09,0.0,0.55,6.4,5,Moderate Progress,Paid,No
T00318,2025-10-22,C0052,D0073,S008,,80.75,23.67,57.08,0.05,1.2,5.1,5,Completed Goals,Paid,No
T00319,2025-10-03,C0052,D0072,S008,,85.0,25.33,59.67,0.0,1.22,7.6,5,Moderate Progress,Paid,Yes
T00320,2026-05-03,C0052,D0073,S004,,30.0,13.58,16.42,0.0,0.68,2.5,5,Excellent Progress,Paid,No
T00321,2026-03-14,C0052,D0073,S014,,65.0,21.89,43.11,0.0,6.33,2.0,5,Excellent Progress,Paid,No
T00322,2025-11-05,C0052,D0073,S006,,54.0,16.06,37.94,0.1,1.07,3.3,5,Excellent Progress,Paid,No
T00323,2025-12-11,C0052,D0072,S010,,18.0,5.64,12.36,0.1,0.71,5.3,5,Moderate Progress,Paid,No
T00324,2025-10-10,C0052,D0073,S001,,112.5,40.62,71.88,0.1,1.11,1.0,5,Completed Goals,Paid,No
T00325,2025-12-24,C0052,D0073,S005,,45.0,17.47,27.53,0.0,0.9,1.0,5,Excellent Progress,Paid,No
T00326,2025-09-09,C0052,D0073,S002,,356.25,94.27,261.98,0.0,1.11,3.9,5,Completed Goals,Paid,No
T00327,2026-03-19,C0052,D0073,S008,,76.5,22.49,54.01,0.1,1.3,6.2,5,Completed Goals,Paid,No
T00328,2025-12-19,C0052,D0072,S008,,85.0,26.02,58.98,0.0,1.23,7.5,5,Excellent Progress,Paid,No
T00329,2026-01-16,C0053,D0074,S014,M008,58.5,23.75,34.75,0.1,6.4,24.2,5,Completed Goals,Paid,No
T00330,2026-03-26,C0054,D0075,S006,M008,54.0,16.28,37.72,0.1,1.18,8.5,5,Excellent Progress,Paid,No
T00331,2025-12-13,C0055,D0076,S005,M007,45.0,17.04,27.96,0.0,1.01,3.9,5,Completed Goals,Paid,Yes
T00332,2025-10-30,C0055,D0076,S014,M007,65.0,20.39,44.61,0.0,6.33,1.0,5,Completed Goals,Pending,No
T00333,2025-12-24,C0055,D0076,S010,M007,20.0,8.42,11.58,0.0,0.39,7.3,5,Excellent Progress,Paid,No
T00334,2026-01-12,C0055,D0076,S008,M007,80.75,27.85,52.9,0.05,1.07,6.5,5,Completed Goals,Paid,No
T00335,2026-05-21,C0055,D0076,S005,M007,40.5,16.79,23.71,0.1,0.99,2.6,5,Needs Follow-Up,Pending,No
T00336,2025-11-25,C0055,D0076,S004,M007,30.0,9.18,20.82,0.0,0.68,1.3,5,Completed Goals,Paid,Yes
T00337,2025-10-30,C0055,D0076,S010,M007,18.0,6.26,11.74,0.1,0.41,5.2,5,Moderate Progress,Paid,No
T00338,2026-01-03,C0055,D0076,S001,M007,118.75,36.67,82.08,0.05,1.11,5.5,5,Excellent Progress,Paid,No
T00339,2026-03-17,C0055,D0076,S005,M007,40.5,15.71,24.79,0.1,0.83,2.9,5,Moderate Progress,Paid,No
T00340,2025-12-14,C0055,D0076,S004,M007,30.0,14.78,15.22,0.0,0.72,1.4,5,Excellent Progress,Paid,No
T00341,2026-01-19,C0055,D0076,S005,M007,40.5,12.37,28.13,0.1,0.99,1.3,5,Completed Goals,Paid,Yes
T00342,2026-01-17,C0055,D0076,S007,M007,45.0,18.29,26.71,0.0,0.63,1.0,5,Completed Goals,Paid,Yes
T00343,2026-04-27,C0056,D0077,S001,,125.0,41.23,83.77,0.0,1.1,7.4,5,Excellent Progress,Paid,No
T00344,2026-05-03,C0056,D0077,S010,,20.0,5.89,14.11,0.0,0.63,1.0,5,Completed Goals,Paid,Yes
T00345,2026-03-27,C0056,D0077,S002,,356.25,94.23,262.02,0.0,1.33,5.1,5,Excellent Progress,Pending,Yes
T00346,2026-04-19,C0056,D0077,S001,,125.0,39.14,85.86,0.0,1.34,2.2,5,Moderate Progress,Paid,Yes
T00347,2026-04-27,C0056,D0077,S004,,27.0,14.4,12.6,0.1,0.86,3.3,5,Completed Goals,Pending,No
T00348,2026-04-03,C0056,D0077,S005,,45.0,13.68,31.32,0.0,1.0,1.0,5,Excellent Progress,Paid,No
T00349,2026-05-05,C0056,D0077,S004,,30.0,10.13,19.87,0.0,0.8,6.9,5,Excellent Progress,Paid,Yes
T00350,2026-05-13,C0056,D0077,S010,,20.0,7.59,12.41,0.0,0.55,5.1,5,Moderate Progress,Paid,No
T00351,2026-05-19,C0056,D0077,S004,,27.0,13.56,13.44,0.1,0.83,1.0,5,Moderate Progress,Paid,No
T00352,2026-02-26,C0056,D0077,S013,,125.0,41.26,83.74,0.0,12.06,2.9,5,Excellent Progress,Pending,No
T00353,2026-03-26,C0056,D0077,S001,,112.5,35.79,76.71,0.1,1.22,7.5,5,Excellent Progress,Paid,No
T00354,2026-03-25,C0056,D0077,S010,,20.0,7.96,12.04,0.0,0.4,3.0,5,Excellent Progress,Paid,Yes
T00355,2026-02-27,C0057,D0079,S009,,99.75,33.6,66.15,0.05,1.88,21.0,5,Moderate Progress,Paid,No
T00356,2026-05-31,C0057,D0078,S001,,125.0,41.71,83.29,0.0,1.08,15.8,5,Completed Goals,Paid,Yes
T00357,2026-03-23,C0057,D0078,S006,,60.0,20.78,39.22,0.0,1.38,18.3,5,Excellent Progress,Paid,No
T00358,2025-10-19,C0057,D0078,S002,,320.62,94.51,226.11,0.1,1.19,17.2,5,Excellent Progress,Pending,No
T00359,2026-05-17,C0057,D0080,S009,,99.75,31.97,67.78,0.05,1.86,17.0,5,Moderate Progress,Paid,No
T00360,2026-03-31,C0058,D0081,S001,M007,118.75,41.69,77.06,0.05,1.27,10.5,5,Excellent Progress,Paid,Yes
T00361,2026-02-19,C0058,D0081,S003,M007,607.5,180.89,426.61,0.1,1.14,10.7,5,Excellent Progress,Paid,Yes
T00362,2026-04-24,C0058,D0081,S005,M007,40.5,18.44,22.06,0.1,0.94,13.2,5,Completed Goals,Paid,No
T00363,2026-04-24,C0058,D0081,S014,M007,65.0,23.32,41.68,0.0,6.15,16.7,5,Needs Follow-Up,Pending,Yes
T00364,2026-02-28,C0058,D0081,S004,M007,27.0,11.86,15.14,0.1,0.66,12.4,5,Moderate Progress,Paid,No
T00365,2026-03-10,C0058,D0081,S008,M007,85.0,22.59,62.41,0.0,1.35,14.6,5,Needs Follow-Up,Paid,Yes
T00366,2026-05-02,C0058,D0081,S004,M007,30.0,13.01,16.99,0.0,0.7,12.3,5,Completed Goals,Paid,No
T00367,2026-04-11,C0058,D0081,S002,M007,338.44,92.02,246.42,0.05,1.33,16.9,5,Excellent Progress,Pending,No
T00368,2026-03-30,C0059,D0082,S002,,356.25,96.53,259.72,0.0,1.26,24.3,5,Completed Goals,Paid,No
T00369,2025-11-07,C0060,D0083,S006,M007,60.0,18.03,41.97,0.0,1.22,13.5,5,Completed Goals,Pending,Yes
T00370,2025-08-30,C0060,D0083,S003,M007,675.0,182.1,492.9,0.0,1.27,12.0,5,Completed Goals,Paid,Yes
T00371,2025-08-30,C0061,D0085,S009,,105.0,31.45,73.55,0.0,1.89,8.8,5,Excellent Progress,Paid,No
T00372,2025-12-26,C0061,D0085,S008,,85.0,26.03,58.97,0.0,1.35,5.3,5,Completed Goals,Paid,No
T00373,2025-09-13,C0061,D0085,S002,M005,338.44,94.45,243.99,0.05,1.38,4.4,5,Excellent Progress,Pending,Yes
T00374,2025-07-29,C0061,D0085,S010,,18.0,8.81,9.19,0.1,0.69,10.6,5,Excellent Progress,Paid,No
T00375,2025-04-19,C0062,D0086,S004,,30.0,10.61,19.39,0.0,0.72,9.7,5,Moderate Progress,Paid,No
T00376,2026-03-19,C0062,D0086,S011,,28.5,7.53,20.97,0.05,0.84,14.3,5,Excellent Progress,Paid,No
T00377,2026-05-06,C0062,D0087,S011,,30.0,7.2,22.8,0.0,0.84,8.7,5,Moderate Progress,Paid,No
T00378,2025-04-12,C0062,D0086,S001,,118.75,39.84,78.91,0.05,1.32,7.6,5,Moderate Progress,Paid,Yes
T00379,2026-02-10,C0063,D0088,S011,M004,27.0,8.77,18.23,0.1,0.57,12.3,5,Moderate Progress,Pending,No
T00380,2025-12-30,C0063,D0088,S002,M004,356.25,91.02,265.23,0.0,1.31,9.2,5,Excellent Progress,Pending,No
T00381,2025-05-23,C0064,D0089,S011,M008,30.0,8.2,21.8,0.0,0.81,21.5,5,Excellent Progress,Paid,No
T00382,2025-09-10,C0065,D0090,S014,M004,61.75,22.97,38.78,0.05,6.23,24.6,5,Moderate Progress,Paid,No
T00383,2025-12-11,C0065,D0090,S006,M004,54.0,16.58,37.42,0.1,1.22,24.4,5,Excellent Progress,Paid,Yes
T00384,2026-01-15,C0065,D0090,S004,M004,30.0,13.62,16.38,0.0,0.88,24.3,5,Completed Goals,Paid,Yes
T00385,2026-05-22,C0065,D0090,S006,M004,54.0,18.8,35.2,0.1,1.26,22.1,5,Moderate Progress,Paid,No
T00386,2025-10-31,C0066,D0091,S008,M007,85.0,27.08,57.92,0.0,1.15,12.6,5,Excellent Progress,Paid,Yes
T00387,2025-11-01,C0066,D0091,S008,M007,76.5,27.38,49.12,0.1,1.09,8.9,5,Excellent Progress,Paid,No
T00388,2025-05-12,C0066,D0091,S010,M007,20.0,7.68,12.32,0.0,0.62,8.2,5,Excellent Progress,Pending,Yes
T00389,2026-05-12,C0067,D0092,S002,M008,338.44,93.53,244.91,0.05,1.24,6.5,5,Excellent Progress,Paid,Yes
T00390,2026-03-29,C0067,D0092,S005,M008,42.75,12.23,30.52,0.05,0.99,6.9,5,Completed Goals,Paid,No
T00391,2026-04-07,C0067,D0092,S004,M008,30.0,11.43,18.57,0.0,0.74,4.3,5,Excellent Progress,Pending,No
T00392,2026-04-21,C0067,D0092,S005,M008,40.5,17.37,23.13,0.1,0.9,1.0,5,Excellent Progress,Paid,No
T00393,2026-05-08,C0067,D0092,S010,M008,18.0,7.42,10.58,0.1,0.51,2.8,5,Excellent Progress,Pending,No
T00394,2026-02-25,C0067,D0092,S013,M008,125.0,40.36,84.64,0.0,12.06,2.6,5,Excellent Progress,Paid,No
T00395,2026-05-03,C0067,D0092,S009,M008,105.0,30.73,74.27,0.0,1.75,6.5,5,Completed Goals,Paid,No
T00396,2026-03-27,C0067,D0092,S002,M008,338.44,91.41,247.03,0.05,1.27,7.8,5,Completed Goals,Paid,No
T00397,2026-03-19,C0068,D0093,S015,,27.0,11.2,15.8,0.1,0.58,28.1,5,Completed Goals,Paid,Yes
T00398,2025-12-27,C0069,D0096,S004,M008,27.0,11.03,15.97,0.1,0.74,5.6,5,Excellent Progress,Pending,No
T00399,2026-05-17,C0069,D0096,S013,M008,112.5,41.49,71.01,0.1,12.28,10.6,5,Moderate Progress,Pending,No
T00400,2026-03-11,C0069,D0096,S006,M008,60.0,21.23,38.77,0.0,1.32,10.7,5,Excellent Progress,Paid,Yes
T00401,2026-02-19,C0069,D0096,S004,M008,30.0,9.65,20.35,0.0,0.63,5.2,5,Completed Goals,Paid,Yes
T00402,2026-05-21,C0070,D0097,S005,,40.5,12.96,27.54,0.1,0.89,27.9,5,Excellent Progress,Paid,Yes
T00403,2025-12-21,C0070,D0097,S010,M006,20.0,11.07,8.93,0.0,0.7,24.8,5,Excellent Progress,Paid,No
T00404,2026-05-02,C0070,D0097,S003,,607.5,184.65,422.85,0.1,1.25,27.7,5,Excellent Progress,Paid,Yes
T00405,2026-02-25,C0070,D0097,S008,,76.5,27.64,48.86,0.1,1.31,29.0,5,Completed Goals,Paid,No
T00406,2026-05-17,C0071,D0098,S003,,641.25,183.73,457.52,0.05,1.29,4.9,5,Excellent Progress,Paid,No
T00407,2026-03-21,C0071,D0098,S013,,118.75,43.01,75.74,0.05,12.34,4.1,5,Needs Follow-Up,Paid,No
T00408,2026-04-21,C0071,D0098,S003,,675.0,186.32,488.68,0.0,1.29,8.2,5,Completed Goals,Paid,No
T00409,2026-04-04,C0071,D0098,S013,,125.0,44.55,80.45,0.0,12.31,6.3,5,Moderate Progress,Paid,No
T00410,2026-02-19,C0072,D0099,S010,,20.0,10.76,9.24,0.0,0.71,10.7,5,Excellent Progress,Paid,No
T00411,2026-05-04,C0072,D0099,S011,,27.0,9.95,17.05,0.1,0.81,11.3,5,Completed Goals,Paid,No
T00412,2026-05-28,C0072,D0099,S008,,85.0,26.4,58.6,0.0,1.16,7.6,5,Completed Goals,Paid,Yes
T00413,2026-01-27,C0072,D0099,S011,,28.5,7.93,20.57,0.05,0.61,11.7,5,Completed Goals,Paid,Yes
T00414,2026-02-15,C0072,D0099,S004,,27.0,14.64,12.36,0.1,0.87,12.1,5,Excellent Progress,Paid,No
T00415,2025-12-20,C0072,D0099,S004,,28.5,12.2,16.3,0.05,0.6,14.6,5,Completed Goals,Paid,Yes
T00416,2026-03-03,C0072,D0099,S010,,20.0,6.42,13.58,0.0,0.71,13.4,5,Completed Goals,Paid,No
T00417,2025-12-29,C0072,D0099,S005,,45.0,13.33,31.67,0.0,0.86,13.3,5,Completed Goals,Paid,Yes
T00418,2026-02-09,C0072,D0099,S013,,125.0,38.07,86.93,0.0,12.1,9.5,5,Excellent Progress,Paid,Yes
T00419,2026-01-11,C0072,D0099,S010,,20.0,5.36,14.64,0.0,0.71,10.7,5,Excellent Progress,Pending,No
T00420,2026-03-16,C0072,D0099,S001,,125.0,41.84,83.16,0.0,1.28,8.0,5,Moderate Progress,Paid,No
T00421,2026-03-13,C0072,D0099,S002,,338.44,90.92,247.52,0.05,1.16,11.2,5,Completed Goals,Paid,Yes
T00422,2026-03-18,C0073,D0100,S014,M008,61.75,21.98,39.77,0.05,6.36,14.1,5,Moderate Progress,Paid,No
T00423,2026-04-14,C0073,D0100,S004,M008,27.0,12.6,14.4,0.1,0.83,9.6,5,Completed Goals,Paid,No
T00424,2026-04-11,C0073,D0100,S002,M008,356.25,96.97,259.28,0.0,1.37,9.5,5,Excellent Progress,Paid,No
T00425,2026-05-14,C0073,D0100,S001,M008,125.0,37.45,87.55,0.0,1.12,11.5,5,Moderate Progress,Pending,No
T00426,2026-01-21,C0074,D0101,S007,,42.75,13.72,29.03,0.05,0.72,22.1,5,Completed Goals,Paid,Yes
T00427,2026-02-16,C0074,D0101,S005,,40.5,15.22,25.28,0.1,1.05,25.2,5,Excellent Progress,Paid,No
T00428,2026-05-15,C0074,D0101,S014,,58.5,20.91,37.59,0.1,6.35,27.7,5,Completed Goals,Paid,Yes
T00429,2026-03-26,C0074,D0101,S001,,125.0,41.76,83.24,0.0,1.35,22.0,5,Moderate Progress,Paid,No
T00430,2026-02-28,C0074,D0101,S008,,85.0,25.03,59.97,0.0,1.33,23.8,5,Excellent Progress,Paid,No
T00431,2026-04-22,C0075,D0103,S006,,57.0,20.2,36.8,0.05,1.08,12.6,5,Excellent Progress,Paid,No
T00432,2025-07-17,C0075,D0103,S001,,125.0,39.53,85.47,0.0,1.3,16.6,5,Excellent Progress,Paid,No
T00433,2025-03-05,C0075,D0103,S006,M002,54.0,16.89,37.11,0.1,1.37,15.9,5,Excellent Progress,Pending,No
T00434,2025-10-13,C0075,D0102,S013,,112.5,40.97,71.53,0.1,12.08,14.5,5,Excellent Progress,Paid,No
T00435,2026-05-27,C0076,D0104,S001,,125.0,40.5,84.5,0.0,1.35,6.8,5,Excellent Progress,Paid,No
T00436,2026-05-31,C0076,D0104,S010,,18.0,7.39,10.61,0.1,0.7,13.0,5,Completed Goals,Pending,No
T00437,2025-12-16,C0076,D0104,S013,,112.5,38.13,74.37,0.1,12.19,6.6,5,Excellent Progress,Paid,Yes
T00438,2026-04-25,C0076,D0104,S004,,28.5,8.61,19.89,0.05,0.6,8.0,5,Moderate Progress,Paid,No
T00439,2026-05-04,C0076,D0104,S002,,356.25,93.05,263.2,0.0,1.27,12.8,5,Completed Goals,Paid,Yes
T00440,2025-11-24,C0076,D0104,S006,,60.0,21.17,38.83,0.0,1.21,10.4,5,Completed Goals,Paid,No
T00441,2026-02-27,C0076,D0104,S004,,27.0,12.41,14.59,0.1,0.8,14.3,5,Moderate Progress,Pending,No
T00442,2026-03-01,C0076,D0104,S001,,112.5,39.14,73.36,0.1,1.26,11.9,5,Moderate Progress,Paid,No
T00443,2025-12-25,C0077,D0105,S007,,45.0,14.92,30.08,0.0,0.72,10.4,5,Moderate Progress,Paid,No
T00444,2026-04-22,C0078,D0107,S010,,19.0,6.54,12.46,0.05,0.7,24.2,5,Excellent Progress,Paid,No
T00445,2026-04-01,C0078,D0107,S013,,125.0,43.57,81.43,0.0,12.33,28.3,5,Excellent Progress,Paid,Yes
T00446,2025-11-10,C0079,D0109,S002,M008,338.44,96.6,241.84,0.05,1.22,11.1,5,Excellent Progress,Paid,No
T00447,2025-05-24,C0079,D0109,S004,M008,27.0,8.45,18.55,0.1,0.7,14.1,5,Completed Goals,Paid,No
T00448,2026-04-01,C0079,D0109,S011,M008,27.0,8.06,18.94,0.1,0.79,13.3,5,Excellent Progress,Paid,Yes
T00449,2026-03-25,C0079,D0109,S014,M008,65.0,25.47,39.53,0.0,6.26,16.0,5,Completed Goals,Pending,No
T00450,2025-05-03,C0079,D0109,S002,M008,356.25,91.1,265.15,0.0,1.15,12.7,5,Excellent Progress,Paid,Yes
T00451,2025-08-22,C0079,D0109,S008,M008,85.0,25.07,59.93,0.0,1.2,15.3,5,Completed Goals,Paid,No
T00452,2025-04-16,C0079,D0109,S006,M008,60.0,18.91,41.09,0.0,1.27,11.1,5,Moderate Progress,Paid,No
T00453,2025-10-01,C0079,D0109,S011,M008,28.5,10.61,17.89,0.05,0.79,16.7,5,Excellent Progress,Pending,No
T00454,2025-11-07,C0080,D0111,S005,M008,45.0,12.26,32.74,0.0,1.12,22.5,5,Excellent Progress,Pending,No
T00455,2026-05-25,C0080,D0111,S005,M008,45.0,12.06,32.94,0.0,0.9,25.6,5,Moderate Progress,Paid,No
T00456,2026-03-29,C0080,D0111,S013,M008,118.75,43.43,75.32,0.05,12.36,22.0,5,Excellent Progress,Paid,No
T00457,2026-05-03,C0080,D0111,S002,M008,320.62,92.38,228.24,0.1,1.27,21.5,5,Moderate Progress,Paid,Yes
T00458,2026-01-17,C0080,D0111,S011,M008,27.0,7.42,19.58,0.1,0.68,26.4,5,Excellent Progress,Paid,Yes
T00459,2025-08-17,C0080,D0111,S004,M008,30.0,13.64,16.36,0.0,0.9,25.9,5,Moderate Progress,Pending,No
T00460,2026-01-07,C0080,D0110,S004,M008,28.5,9.73,18.77,0.05,0.66,26.0,5,Moderate Progress,Paid,No
T00461,2026-03-13,C0080,D0110,S009,M008,94.5,34.22,60.28,0.1,1.72,24.9,5,Excellent Progress,Pending,Yes
T00462,2026-04-27,C0080,D0111,S013,M008,118.75,42.82,75.93,0.05,12.38,27.2,5,Excellent Progress,Pending,No
T00463,2026-05-27,C0081,D0112,S005,M007,45.0,12.23,32.77,0.0,0.85,10.9,5,Moderate Progress,Paid,No
T00464,2026-03-31,C0081,D0112,S005,M007,40.5,14.6,25.9,0.1,1.15,8.9,5,Excellent Progress,Pending,Yes
T00465,2026-04-04,C0081,D0112,S001,M007,125.0,36.28,88.72,0.0,1.31,6.5,5,Excellent Progress,Paid,No
T00466,2026-05-11,C0081,D0112,S007,M007,42.75,17.04,25.71,0.05,0.76,12.6,5,Excellent Progress,Paid,No
T00467,2026-04-16,C0082,D0113,S004,M004,28.5,10.77,17.73,0.05,0.74,11.6,5,Moderate Progress,Paid,No
T00468,2026-04-15,C0082,D0113,S007,M004,40.5,16.51,23.99,0.1,0.58,11.6,5,Excellent Progress,Paid,No
T00469,2026-05-21,C0082,D0113,S001,M004,125.0,36.92,88.08,0.0,1.12,10.6,5,Moderate Progress,Pending,No
T00470,2026-02-21,C0082,D0113,S004,M004,28.5,8.16,20.34,0.05,0.7,7.3,5,Moderate Progress,Paid,No
T00471,2026-02-09,C0082,D0113,S014,M004,65.0,21.01,43.99,0.0,6.14,4.7,5,Completed Goals,Paid,No
T00472,2026-03-25,C0082,D0113,S002,M004,356.25,92.73,263.52,0.0,1.16,7.3,5,Excellent Progress,Paid,Yes
T00473,2026-02-23,C0082,D0113,S003,M004,641.25,183.56,457.69,0.05,1.23,11.6,5,Completed Goals,Paid,No
T00474,2026-03-05,C0082,D0113,S001,M004,125.0,36.88,88.12,0.0,1.39,9.4,5,Completed Goals,Paid,No
T00475,2025-10-15,C0082,D0113,S005,M004,45.0,18.9,26.1,0.0,1.07,8.3,5,Excellent Progress,Paid,No
T00476,2026-05-28,C0082,D0113,S011,M004,27.0,13.53,13.47,0.1,0.72,8.7,5,Moderate Progress,Paid,No
T00477,2026-04-01,C0082,D0113,S001,M004,125.0,35.63,89.37,0.0,1.29,10.6,5,Moderate Progress,Paid,No
T00478,2026-04-17,C0082,D0113,S006,M004,60.0,22.86,37.14,0.0,1.3,6.2,5,Excellent Progress,Paid,No
T00479,2026-04-22,C0083,D0114,S009,,94.5,34.31,60.19,0.1,1.79,9.8,5,Moderate Progress,Paid,No
T00480,2025-06-07,C0084,D0115,S008,,80.75,24.47,56.28,0.05,1.33,21.1,5,Excellent Progress,Paid,No
T00481,2025-08-05,C0084,D0115,S006,,60.0,16.14,43.86,0.0,1.15,21.9,5,Excellent Progress,Pending,No
T00482,2025-08-20,C0084,D0115,S011,,28.5,7.26,21.24,0.05,0.72,20.1,5,Excellent Progress,Paid,No
T00483,2026-02-14,C0084,D0115,S013,,125.0,41.86,83.14,0.0,12.28,19.0,5,Excellent Progress,Paid,No
T00484,2025-07-03,C0084,D0115,S010,,18.0,11.17,6.83,0.1,0.64,16.7,5,Moderate Progress,Pending,No
T00485,2025-12-17,C0084,D0115,S009,,99.75,34.6,65.15,0.05,1.57,22.0,5,Excellent Progress,Paid,No
T00486,2025-12-23,C0084,D0115,S009,,105.0,28.3,76.7,0.0,1.8,14.9,5,Moderate Progress,Paid,No
T00487,2025-10-17,C0084,D0115,S005,,40.5,18.93,21.57,0.1,0.88,20.0,5,Needs Follow-Up,Paid,No
T00488,2026-05-05,C0085,D0116,S001,,125.0,38.36,86.64,0.0,1.33,19.2,5,Excellent Progress,Paid,Yes
T00489,2025-10-19,C0085,D0116,S001,,125.0,40.75,84.25,0.0,1.23,16.4,5,Completed Goals,Paid,Yes
T00490,2026-04-11,C0085,D0116,S008,,85.0,28.42,56.58,0.0,1.18,21.6,5,Excellent Progress,Paid,Yes
T00491,2026-02-25,C0086,D0117,S008,M007,85.0,25.91,59.09,0.0,1.15,12.2,5,Completed Goals,Pending,No
T00492,2026-02-04,C0087,D0118,S006,M008,60.0,20.73,39.27,0.0,1.06,11.1,5,Excellent Progress,Pending,No
T00493,2025-10-07,C0087,D0118,S007,M008,40.5,14.95,25.55,0.1,0.8,10.5,5,Completed Goals,Paid,No
T00494,2026-03-19,C0087,D0118,S007,M008,45.0,15.79,29.21,0.0,0.6,10.7,5,Excellent Progress,Pending,No
T00495,2026-03-16,C0087,D0118,S001,M008,118.75,37.41,81.34,0.05,1.39,12.1,5,Completed Goals,Paid,No
T00496,2026-05-09,C0088,D0119,S006,M008,54.0,18.35,35.65,0.1,1.15,11.8,5,Completed Goals,Paid,No
T00497,2026-04-12,C0088,D0119,S013,M008,125.0,41.27,83.73,0.0,12.12,13.0,5,Moderate Progress,Paid,Yes
T00498,2025-05-23,C0088,D0119,S002,M008,356.25,90.52,265.73,0.0,1.06,10.1,5,Excellent Progress,Paid,Yes
T00499,2025-10-12,C0088,D0119,S002,M008,356.25,96.2,260.05,0.0,1.3,11.9,5,Excellent Progress,Paid,No
T00500,2025-05-30,C0088,D0119,S013,M008,118.75,42.58,76.17,0.05,12.36,11.9,5,Completed Goals,Paid,No
T00501,2026-05-03,C0089,D0120,S014,M008,65.0,20.83,44.17,0.0,6.36,22.4,5,Completed Goals,Paid,Yes
T00502,2026-03-16,C0089,D0120,S014,M008,58.5,24.11,34.39,0.1,6.35,23.7,5,Completed Goals,Paid,Yes
T00503,2026-02-23,C0089,D0120,S002,M008,320.62,90.45,230.17,0.1,1.23,27.3,5,Excellent Progress,Pending,No
T00504,2026-05-15,C0089,D0120,S002,M008,320.62,94.86,225.76,0.1,1.3,25.3,5,Completed Goals,Paid,Yes
T00505,2026-04-11,C0089,D0120,S013,M008,118.75,39.53,79.22,0.05,12.2,24.4,5,Completed Goals,Pending,No
T00506,2026-02-23,C0089,D0120,S001,M008,118.75,38.63,80.12,0.05,1.13,21.7,5,Excellent Progress,Paid,No
T00507,2026-05-26,C0089,D0120,S005,M008,45.0,12.17,32.83,0.0,0.95,23.5,5,Completed Goals,Pending,No
T00508,2026-03-14,C0089,D0120,S011,M008,27.0,7.27,19.73,0.1,0.62,22.9,5,Completed Goals,Paid,No
T00509,2026-05-20,C0089,D0120,S015,M008,30.0,11.39,18.61,0.0,0.65,24.1,5,Needs Follow-Up,Paid,No
T00510,2026-03-14,C0089,D0120,S013,M008,125.0,41.32,83.68,0.0,12.23,27.6,5,Moderate Progress,Paid,No
T00511,2026-03-09,C0089,D0120,S004,M008,28.5,11.15,17.35,0.05,0.75,24.3,5,Excellent Progress,Paid,No
T00512,2026-04-07,C0089,D0120,S004,M008,28.5,12.83,15.67,0.05,0.65,26.0,5,Excellent Progress,Paid,No
T00513,2026-05-26,C0089,D0120,S007,M008,42.75,14.73,28.02,0.05,0.74,22.8,5,Completed Goals,Paid,No
T00514,2026-05-10,C0089,D0120,S002,M008,356.25,95.79,260.46,0.0,1.26,21.5,5,Completed Goals,Paid,Yes
T00515,2026-05-08,C0089,D0120,S003,M008,641.25,180.4,460.85,0.05,1.23,22.7,5,Moderate Progress,Paid,Yes
T00516,2026-04-15,C0089,D0120,S007,M008,42.75,18.06,24.69,0.05,0.6,23.0,5,Excellent Progress,Paid,No
T00517,2026-04-18,C0089,D0120,S007,M008,45.0,18.94,26.06,0.0,0.71,27.9,5,Excellent Progress,Pending,Yes
T00518,2026-04-27,C0089,D0120,S006,M008,60.0,22.17,37.83,0.0,1.21,26.9,5,Excellent Progress,Paid,No
T00519,2026-05-22,C0090,D0123,S005,M008,45.0,12.67,32.33,0.0,1.04,21.9,5,Moderate Progress,Pending,No
T00520,2025-10-18,C0090,D0123,S008,M008,85.0,24.88,60.12,0.0,1.32,22.5,5,Excellent Progress,Pending,No
T00521,2025-11-12,C0090,D0122,S005,M008,45.0,15.24,29.76,0.0,0.83,27.1,5,Excellent Progress,Paid,No
T00522,2025-10-03,C0090,D0122,S005,M008,45.0,12.96,32.04,0.0,1.03,25.2,5,Excellent Progress,Paid,Yes
T00523,2026-04-29,C0090,D0122,S001,M008,125.0,36.19,88.81,0.0,1.06,22.3,5,Excellent Progress,Paid,Yes
T00524,2026-04-14,C0090,D0121,S001,M008,125.0,36.07,88.93,0.0,1.18,23.2,5,Completed Goals,Paid,No
T00525,2026-05-03,C0090,D0123,S009,M008,94.5,33.01,61.49,0.1,1.86,24.6,5,Completed Goals,Paid,No
T00526,2026-04-15,C0090,D0121,S010,M008,20.0,6.67,13.33,0.0,0.42,24.9,5,Needs Follow-Up,Paid,No
T00527,2026-05-14,C0090,D0121,S003,M008,675.0,185.07,489.93,0.0,1.07,25.6,5,Moderate Progress,Paid,No
T00528,2026-02-16,C0090,D0122,S002,M008,338.44,90.85,247.59,0.05,1.12,24.4,5,Completed Goals,Paid,Yes
T00529,2026-01-26,C0090,D0121,S005,M008,45.0,13.95,31.05,0.0,1.02,21.9,5,Moderate Progress,Pending,Yes
T00530,2026-05-09,C0091,D0124,S001,,125.0,41.71,83.29,0.0,1.26,7.9,5,Moderate Progress,Paid,No
T00531,2026-01-17,C0091,D0124,S002,,356.25,92.35,263.9,0.0,1.26,4.7,5,Excellent Progress,Paid,No
T00532,2025-08-14,C0091,D0124,S007,,45.0,18.28,26.72,0.0,0.66,5.9,5,Moderate Progress,Paid,No
T00533,2026-01-06,C0091,D0124,S005,,45.0,16.49,28.51,0.0,0.88,5.8,5,Needs Follow-Up,Paid,No
T00534,2025-08-28,C0091,D0124,S004,,30.0,9.6,20.4,0.0,0.81,2.7,5,Completed Goals,Paid,No
T00535,2026-02-19,C0091,D0124,S008,,85.0,22.04,62.96,0.0,1.35,1.0,5,Completed Goals,Paid,No
T00536,2025-11-04,C0091,D0124,S001,,125.0,38.55,86.45,0.0,1.2,3.7,5,Completed Goals,Paid,Yes
T00537,2026-01-10,C0091,D0124,S008,,76.5,26.45,50.05,0.1,1.15,6.3,5,Completed Goals,Paid,Yes
T00538,2026-03-21,C0091,D0124,S002,,320.62,94.27,226.35,0.1,1.2,1.2,5,Needs Follow-Up,Paid,No
T00539,2026-01-08,C0091,D0124,S012,,54.0,15.8,38.2,0.1,1.21,3.6,5,Excellent Progress,Paid,No
T00540,2026-04-05,C0091,D0124,S001,,125.0,41.41,83.59,0.0,1.05,6.9,5,Moderate Progress,Paid,No
T00541,2026-02-15,C0091,D0124,S014,,61.75,22.15,39.6,0.05,6.4,1.0,5,Moderate Progress,Paid,Yes
T00542,2025-10-30,C0091,D0124,S013,,118.75,44.7,74.05,0.05,12.32,6.0,5,Completed Goals,Paid,No
T00543,2026-03-13,C0091,D0124,S008,,85.0,28.45,56.55,0.0,1.18,5.7,5,Completed Goals,Paid,No
T00544,2025-10-22,C0091,D0124,S008,,85.0,28.66,56.34,0.0,1.34,1.0,5,Moderate Progress,Paid,Yes
T00545,2025-09-18,C0091,D0124,S009,,94.5,30.99,63.51,0.1,1.79,4.0,5,Excellent Progress,Pending,No
T00546,2025-09-22,C0091,D0124,S010,,18.0,7.41,10.59,0.1,0.43,6.0,5,Moderate Progress,Paid,No
T00547,2026-04-16,C0091,D0124,S015,,30.0,6.49,23.51,0.0,0.79,4.2,5,Excellent Progress,Paid,No
T00548,2025-07-29,C0092,D0126,S009,M003,105.0,28.77,76.23,0.0,1.75,5.7,5,Completed Goals,Paid,Yes
T00549,2026-03-04,C0092,D0125,S005,,40.5,12.6,27.9,0.1,0.84,4.5,5,Completed Goals,Paid,No
T00550,2025-09-02,C0092,D0125,S001,,112.5,40.52,71.98,0.1,1.06,5.7,5,Moderate Progress,Pending,No
T00551,2026-04-14,C0093,D0127,S006,M004,60.0,22.23,37.77,0.0,1.4,10.5,5,Moderate Progress,Pending,No
T00552,2026-04-13,C0093,D0127,S014,M004,65.0,23.2,41.8,0.0,6.29,9.8,5,Moderate Progress,Pending,No
T00553,2026-04-02,C0093,D0127,S014,M004,61.75,24.33,37.42,0.05,6.28,7.8,5,Excellent Progress,Paid,No
T00554,2026-04-12,C0093,D0127,S013,M004,125.0,42.25,82.75,0.0,12.19,8.9,5,Completed Goals,Paid,Yes
T00555,2026-03-26,C0093,D0127,S004,M004,27.0,13.49,13.51,0.1,0.8,4.2,5,Excellent Progress,Paid,Yes
T00556,2026-05-02,C0093,D0127,S014,M004,65.0,21.48,43.52,0.0,6.31,9.2,5,Completed Goals,Paid,No
T00557,2026-04-06,C0093,D0127,S013,M004,125.0,42.66,82.34,0.0,12.38,9.3,5,Excellent Progress,Paid,No
T00558,2026-05-14,C0093,D0127,S013,M004,125.0,40.64,84.36,0.0,12.3,9.9,5,Excellent Progress,Paid,No
T00559,2026-04-08,C0093,D0127,S003,M004,675.0,180.62,494.38,0.0,1.31,11.5,5,Moderate Progress,Paid,No
T00560,2026-05-14,C0093,D0127,S014,M004,65.0,20.43,44.57,0.0,6.24,10.7,5,Needs Follow-Up,Paid,No
T00561,2026-03-03,C0093,D0127,S001,M004,125.0,36.01,88.99,0.0,1.38,10.7,5,Excellent Progress,Paid,No
T00562,2026-05-30,C0093,D0127,S008,M004,76.5,25.52,50.98,0.1,1.29,6.2,5,Moderate Progress,Paid,No
T00563,2026-04-19,C0093,D0127,S009,M004,94.5,33.02,61.48,0.1,1.85,11.4,5,Completed Goals,Paid,Yes
T00564,2026-05-25,C0093,D0127,S004,M004,30.0,10.36,19.64,0.0,0.79,11.9,5,Moderate Progress,Paid,No
T00565,2026-05-11,C0093,D0127,S009,M004,94.5,33.27,61.23,0.1,1.75,10.4,5,Moderate Progress,Paid,No
T00566,2026-05-02,C0093,D0127,S005,M004,45.0,17.63,27.37,0.0,0.87,9.2,5,Excellent Progress,Paid,Yes
T00567,2026-04-25,C0093,D0127,S014,M004,65.0,20.67,44.33,0.0,6.39,5.4,5,Completed Goals,Pending,Yes
T00568,2026-05-21,C0093,D0127,S014,M004,65.0,20.24,44.76,0.0,6.13,7.9,5,Excellent Progress,Paid,Yes
T00569,2025-06-16,C0094,D0128,S008,M004,76.5,22.82,53.68,0.1,1.09,5.1,5,Moderate Progress,Paid,No
T00570,2025-04-29,C0094,D0128,S011,M004,28.5,11.92,16.58,0.05,0.65,1.0,5,Completed Goals,Paid,No
T00571,2026-03-21,C0094,D0128,S005,M004,45.0,16.09,28.91,0.0,1.05,6.3,5,Completed Goals,Paid,No
T00572,2025-09-12,C0094,D0128,S001,M004,125.0,35.27,89.73,0.0,1.25,5.2,5,Completed Goals,Paid,Yes
T00573,2025-08-01,C0094,D0128,S006,M004,57.0,20.61,36.39,0.05,1.14,1.0,5,Moderate Progress,Pending,Yes
T00574,2025-10-05,C0094,D0128,S001,M004,112.5,41.38,71.12,0.1,1.4,4.8,5,Excellent Progress,Paid,Yes
T00575,2025-06-29,C0094,D0128,S002,M004,356.25,94.22,262.03,0.0,1.13,2.9,5,Completed Goals,Pending,No
T00576,2025-12-25,C0094,D0128,S003,M004,641.25,183.19,458.06,0.05,1.38,5.4,5,Needs Follow-Up,Paid,No
T00577,2025-12-17,C0094,D0128,S010,M004,20.0,9.53,10.47,0.0,0.56,1.3,5,Moderate Progress,Paid,No
T00578,2025-06-02,C0094,D0128,S014,M004,65.0,20.87,44.13,0.0,6.09,4.4,5,Completed Goals,Paid,No
T00579,2026-03-11,C0094,D0128,S002,M004,356.25,90.07,266.18,0.0,1.18,7.8,5,Excellent Progress,Paid,No
T00580,2025-07-02,C0094,D0128,S010,M004,20.0,9.9,10.1,0.0,0.69,4.4,5,Excellent Progress,Paid,Yes
T00581,2026-04-19,C0095,D0129,S011,M004,28.5,8.81,19.69,0.05,0.79,5.7,5,Excellent Progress,Paid,No
T00582,2025-09-11,C0095,D0129,S009,M004,99.75,34.9,64.85,0.05,1.83,4.0,5,Completed Goals,Paid,No
T00583,2026-02-27,C0096,D0130,S005,,40.5,13.68,26.82,0.1,0.83,13.8,5,Completed Goals,Paid,No
T00584,2026-03-27,C0096,D0130,S014,,61.75,23.48,38.27,0.05,6.29,14.6,5,Excellent Progress,Paid,No
T00585,2025-12-10,C0096,D0130,S013,,112.5,43.25,69.25,0.1,12.14,15.1,5,Needs Follow-Up,Pending,No
T00586,2026-01-21,C0096,D0130,S008,,76.5,27.88,48.62,0.1,1.23,16.8,5,Excellent Progress,Paid,No
T00587,2026-05-31,C0096,D0130,S004,,27.0,14.0,13.0,0.1,0.65,13.0,5,Completed Goals,Pending,Yes
T00588,2026-02-25,C0096,D0130,S003,,641.25,186.25,455.0,0.05,1.35,9.6,5,Completed Goals,Paid,No
T00589,2026-03-08,C0096,D0130,S001,,118.75,37.48,81.27,0.05,1.09,13.1,5,Completed Goals,Paid,No
T00590,2026-04-12,C0096,D0130,S001,,125.0,40.39,84.61,0.0,1.14,12.9,5,Excellent Progress,Paid,No
T00591,2026-01-05,C0096,D0130,S011,,27.0,9.48,17.52,0.1,0.7,12.1,5,Moderate Progress,Paid,No
T00592,2026-03-20,C0096,D0130,S001,,125.0,41.31,83.69,0.0,1.11,10.8,5,Excellent Progress,Paid,Yes
T00593,2026-04-28,C0096,D0130,S005,,45.0,17.35,27.65,0.0,1.11,13.2,5,Moderate Progress,Paid,No
T00594,2026-01-05,C0096,D0130,S001,,125.0,36.09,88.91,0.0,1.23,15.3,5,Completed Goals,Paid,No
T00595,2025-12-11,C0096,D0130,S014,,61.75,22.03,39.72,0.05,6.22,15.3,5,Completed Goals,Pending,No
T00596,2026-01-07,C0096,D0130,S003,,675.0,184.66,490.34,0.0,1.2,13.0,5,Moderate Progress,Pending,No
T00597,2026-05-09,C0096,D0130,S002,,356.25,90.84,265.41,0.0,1.19,11.4,5,Completed Goals,Paid,No
T00598,2025-12-22,C0096,D0130,S002,,338.44,93.67,244.77,0.05,1.3,17.0,5,Completed Goals,Paid,No
T00599,2025-12-22,C0096,D0130,S005,,45.0,13.96,31.04,0.0,0.92,12.5,5,Completed Goals,Paid,No
T00600,2026-03-01,C0096,D0130,S001,,125.0,38.3,86.7,0.0,1.37,10.0,5,Completed Goals,Paid,No
T00601,2025-04-02,C0097,D0131,S001,M004,125.0,37.52,87.48,0.0,1.33,9.9,5,Excellent Progress,Paid,Yes
T00602,2025-05-10,C0097,D0131,S007,M004,45.0,16.21,28.79,0.0,0.56,11.7,5,Moderate Progress,Paid,No
T00603,2025-12-31,C0097,D0131,S001,M004,125.0,40.08,84.92,0.0,1.4,5.6,5,Moderate Progress,Paid,No
T00604,2025-10-12,C0098,D0132,S013,M008,118.75,38.47,80.28,0.05,12.2,29.0,5,Excellent Progress,Pending,No
T00605,2025-05-02,C0098,D0133,S009,M008,105.0,28.43,76.57,0.0,1.89,23.0,5,Moderate Progress,Pending,No
T00606,2026-03-16,C0098,D0133,S002,M008,320.62,95.46,225.16,0.1,1.19,23.7,5,Completed Goals,Paid,No
T00607,2026-05-21,C0098,D0133,S009,M008,94.5,31.68,62.82,0.1,1.66,23.3,5,Excellent Progress,Paid,No
T00608,2025-06-26,C0098,D0133,S001,M008,125.0,39.48,85.52,0.0,1.38,23.7,5,Completed Goals,Paid,No
T00609,2026-04-22,C0098,D0132,S014,M008,58.5,20.81,37.69,0.1,6.28,26.6,5,Needs Follow-Up,Pending,No
T00610,2025-09-22,C0098,D0133,S010,M008,20.0,9.38,10.62,0.0,0.39,24.4,5,Excellent Progress,Paid,No
T00611,2026-05-15,C0098,D0132,S007,M008,42.75,13.8,28.95,0.05,0.77,26.3,5,Completed Goals,Paid,No
T00612,2026-01-13,C0098,D0133,S002,M008,356.25,93.12,263.13,0.0,1.31,25.0,5,Completed Goals,Paid,Yes
T00613,2026-04-18,C0098,D0132,S005,M008,45.0,18.6,26.4,0.0,0.86,23.8,5,Completed Goals,Paid,No
T00614,2025-04-02,C0098,D0133,S001,M008,125.0,38.19,86.81,0.0,1.28,24.7,5,Moderate Progress,Paid,No
T00615,2025-09-09,C0098,D0132,S001,M008,125.0,40.79,84.21,0.0,1.32,26.7,5,Completed Goals,Paid,No
T00616,2026-01-12,C0098,D0132,S001,M008,125.0,41.7,83.3,0.0,1.09,27.4,5,Excellent Progress,Paid,Yes
T00617,2025-12-10,C0098,D0133,S006,M008,60.0,19.35,40.65,0.0,1.14,25.9,5,Completed Goals,Paid,No
T00618,2025-07-26,C0098,D0132,S001,M008,112.5,41.21,71.29,0.1,1.2,21.5,5,Completed Goals,Paid,Yes
T00619,2025-07-21,C0098,D0132,S004,M008,28.5,13.0,15.5,0.05,0.87,25.4,5,Needs Follow-Up,Paid,No
T00620,2026-04-04,C0099,D0134,S004,,30.0,9.25,20.75,0.0,0.74,11.7,5,Excellent Progress,Paid,No
T00621,2026-02-14,C0100,D0135,S001,M004,125.0,40.68,84.32,0.0,1.3,15.1,5,Completed Goals,Paid,No
T00622,2026-01-18,C0100,D0135,S002,M004,356.25,90.79,265.46,0.0,1.2,20.3,5,Completed Goals,Paid,No
T00623,2026-02-12,C0100,D0135,S004,M004,28.5,10.9,17.6,0.05,0.83,17.2,5,Moderate Progress,Paid,Yes
T00624,2026-04-10,C0101,D0136,S007,M008,40.5,17.0,23.5,0.1,0.73,27.5,5,Moderate Progress,Paid,No
T00625,2025-12-09,C0101,D0137,S001,M008,112.5,38.32,74.18,0.1,1.1,22.2,5,Needs Follow-Up,Paid,No
T00626,2026-04-25,C0101,D0137,S001,M008,125.0,36.48,88.52,0.0,1.13,27.3,5,Completed Goals,Paid,No
T00627,2026-03-23,C0101,D0137,S001,M008,125.0,39.91,85.09,0.0,1.28,21.9,5,Moderate Progress,Paid,No
T00628,2026-02-27,C0102,D0138,S003,M007,675.0,185.36,489.64,0.0,1.21,1.1,5,Excellent Progress,Paid,No
T00629,2026-05-19,C0102,D0138,S004,M007,27.0,8.42,18.58,0.1,0.77,4.8,5,Completed Goals,Paid,Yes
T00630,2026-05-30,C0103,D0139,S011,M004,30.0,8.1,21.9,0.0,0.89,10.6,5,Needs Follow-Up,Paid,No
T00631,2025-11-13,C0103,D0139,S003,M004,641.25,183.34,457.91,0.05,1.28,9.7,5,Excellent Progress,Paid,Yes
T00632,2025-10-03,C0103,D0139,S004,M004,30.0,13.93,16.07,0.0,0.56,8.7,5,Excellent Progress,Paid,No
T00633,2025-08-27,C0103,D0139,S007,M004,40.5,15.99,24.51,0.1,0.57,14.4,5,Excellent Progress,Paid,No
T00634,2026-04-18,C0104,D0140,S010,,20.0,10.08,9.92,0.0,0.72,12.1,5,Completed Goals,Pending,No
T00635,2026-03-18,C0104,D0140,S006,,54.0,19.34,34.66,0.1,1.35,6.8,5,Completed Goals,Paid,No
T00636,2026-03-28,C0104,D0140,S014,,65.0,25.38,39.62,0.0,6.11,14.2,5,Excellent Progress,Pending,No
T00637,2026-03-15,C0104,D0140,S005,,45.0,17.99,27.01,0.0,0.95,13.6,5,Moderate Progress,Paid,No
T00638,2026-05-10,C0104,D0140,S014,,65.0,25.63,39.37,0.0,6.1,13.4,5,Excellent Progress,Paid,Yes
T00639,2026-04-08,C0104,D0140,S001,,125.0,36.13,88.87,0.0,1.15,9.4,5,Completed Goals,Paid,No
T00640,2026-03-31,C0104,D0140,S015,,30.0,12.58,17.42,0.0,0.89,10.4,5,Excellent Progress,Paid,No
T00641,2026-05-03,C0104,D0140,S005,,40.5,14.89,25.61,0.1,0.96,13.5,5,Needs Follow-Up,Paid,No
T00642,2026-05-09,C0104,D0140,S009,,105.0,30.03,74.97,0.0,1.61,9.7,5,Completed Goals,Paid,No
T00643,2026-04-27,C0104,D0140,S004,,27.0,13.12,13.88,0.1,0.87,13.9,5,Moderate Progress,Paid,No
T00644,2026-05-15,C0104,D0140,S004,,30.0,11.33,18.67,0.0,0.65,6.8,5,Completed Goals,Paid,No
T00645,2026-05-14,C0104,D0140,S007,,45.0,14.53,30.47,0.0,0.7,10.3,5,Completed Goals,Paid,No
T00646,2026-03-21,C0104,D0140,S003,,675.0,180.48,494.52,0.0,1.19,8.9,5,Moderate Progress,Pending,Yes
T00647,2026-04-01,C0104,D0140,S008,,76.5,28.31,48.19,0.1,1.17,12.5,5,Completed Goals,Paid,Yes
T00648,2026-05-26,C0104,D0140,S006,,57.0,20.85,36.15,0.05,1.19,6.6,5,Moderate Progress,Paid,No
T00649,2026-05-31,C0104,D0140,S004,,27.0,11.21,15.79,0.1,0.6,13.4,5,Completed Goals,Paid,No
T00650,2026-02-27,C0104,D0140,S006,,60.0,20.47,39.53,0.0,1.25,6.8,5,Excellent Progress,Pending,No
T00651,2026-03-26,C0104,D0140,S008,,85.0,28.8,56.2,0.0,1.25,6.6,5,Moderate Progress,Paid,No
T00652,2026-04-09,C0105,D0142,S008,,80.75,27.8,52.95,0.05,1.2,22.3,5,Completed Goals,Paid,Yes
T00653,2026-05-29,C0105,D0141,S005,,40.5,14.0,26.5,0.1,1.03,19.9,5,Excellent Progress,Paid,No
T00654,2025-10-11,C0105,D0141,S011,,30.0,9.88,20.12,0.0,0.72,20.5,5,Moderate Progress,Paid,No
T00655,2026-03-22,C0105,D0141,S008,,85.0,25.86,59.14,0.0,1.09,21.4,5,Needs Follow-Up,Paid,Yes
T00656,2026-03-09,C0105,D0141,S013,,125.0,43.48,81.52,0.0,12.23,16.6,5,Excellent Progress,Paid,No
T00657,2025-09-27,C0106,D0143,S013,,125.0,39.07,85.93,0.0,12.18,13.5,5,Moderate Progress,Paid,No
T00658,2025-10-25,C0107,D0145,S015,M005,30.0,10.31,19.69,0.0,0.69,21.7,5,Moderate Progress,Paid,Yes
T00659,2026-03-15,C0107,D0145,S013,,118.75,39.62,79.13,0.05,12.3,22.3,5,Completed Goals,Paid,No
T00660,2025-09-13,C0107,D0145,S011,M005,27.0,7.18,19.82,0.1,0.55,27.5,5,Completed Goals,Pending,Yes
T00661,2025-08-29,C0107,D0145,S001,,125.0,36.31,88.69,0.0,1.28,23.1,5,Completed Goals,Paid,No
T00662,2025-11-11,C0107,D0145,S008,,85.0,26.47,58.53,0.0,1.25,22.2,5,Excellent Progress,Paid,No
T00663,2025-09-24,C0107,D0145,S004,M005,30.0,10.53,19.47,0.0,0.84,24.5,5,Excellent Progress,Paid,No
T00664,2026-01-24,C0107,D0145,S002,,356.25,94.43,261.82,0.0,1.21,22.6,5,Excellent Progress,Pending,No
T00665,2025-07-10,C0107,D0145,S008,,85.0,25.39,59.61,0.0,1.26,25.7,5,Completed Goals,Paid,No
T00666,2026-03-25,C0107,D0145,S008,,76.5,23.07,53.43,0.1,1.35,22.3,5,Completed Goals,Paid,No
T00667,2025-08-27,C0107,D0145,S010,,20.0,11.67,8.33,0.0,0.51,25.7,5,Completed Goals,Paid,Yes
T00668,2026-01-14,C0107,D0145,S006,,54.0,20.81,33.19,0.1,1.36,23.6,5,Excellent Progress,Pending,No
T00669,2025-10-07,C0107,D0145,S002,M005,338.44,96.18,242.26,0.05,1.2,27.3,5,Moderate Progress,Paid,Yes
T00670,2026-01-01,C0107,D0145,S007,,40.5,12.24,28.26,0.1,0.73,26.0,5,Completed Goals,Pending,No
T00671,2025-08-21,C0107,D0145,S005,,45.0,13.3,31.7,0.0,0.89,23.1,5,Excellent Progress,Paid,No
T00672,2025-06-29,C0107,D0145,S001,,125.0,38.26,86.74,0.0,1.33,28.5,5,Excellent Progress,Pending,Yes
T00673,2025-08-15,C0107,D0145,S006,,54.0,21.65,32.35,0.1,1.28,25.9,5,Excellent Progress,Paid,No
T00674,2025-10-03,C0107,D0145,S011,M005,30.0,10.49,19.51,0.0,0.9,24.7,5,Completed Goals,Pending,Yes
T00675,2025-07-04,C0107,D0145,S003,,675.0,184.51,490.49,0.0,1.35,29.2,5,Needs Follow-Up,Paid,Yes
T00676,2025-04-28,C0108,D0146,S013,M008,125.0,38.49,86.51,0.0,12.08,6.4,5,Excellent Progress,Paid,No
T00677,2025-09-15,C0108,D0146,S007,M008,40.5,14.09,26.41,0.1,0.89,3.9,5,Excellent Progress,Pending,No
T00678,2025-05-02,C0108,D0146,S001,M008,125.0,35.74,89.26,0.0,1.16,5.5,5,Excellent Progress,Paid,No
T00679,2026-03-26,C0108,D0146,S015,M008,30.0,12.18,17.82,0.0,0.57,1.0,5,Completed Goals,Paid,No
T00680,2026-01-31,C0108,D0146,S013,M008,125.0,38.88,86.12,0.0,12.35,6.0,5,Moderate Progress,Paid,No
T00681,2025-08-09,C0108,D0146,S006,M008,57.0,18.25,38.75,0.05,1.31,1.8,5,Completed Goals,Paid,No
T00682,2026-04-19,C0108,D0146,S008,M008,76.5,25.46,51.04,0.1,1.12,5.4,5,Excellent Progress,Paid,No
T00683,2026-02-04,C0108,D0146,S002,M008,356.25,94.96,261.29,0.0,1.28,6.8,5,Completed Goals,Paid,No
T00684,2025-12-26,C0108,D0146,S013,M008,118.75,39.32,79.43,0.05,12.15,1.3,5,Completed Goals,Paid,Yes
T00685,2026-04-24,C0108,D0146,S013,M008,125.0,38.12,86.88,0.0,12.21,2.1,5,Excellent Progress,Paid,No
T00686,2025-05-21,C0108,D0146,S013,M008,118.75,39.48,79.27,0.05,12.19,3.4,5,Completed Goals,Paid,No
T00687,2026-04-17,C0108,D0146,S008,M008,85.0,24.82,60.18,0.0,1.26,4.2,5,Excellent Progress,Paid,No
T00688,2025-05-22,C0109,D0147,S001,M008,125.0,35.46,89.54,0.0,1.09,8.3,5,Excellent Progress,Paid,Yes
T00689,2026-04-23,C0109,D0147,S003,M008,641.25,181.44,459.81,0.05,1.33,9.3,5,Excellent Progress,Paid,Yes
T00690,2025-10-19,C0110,D0148,S009,M005,94.5,32.77,61.73,0.1,1.61,9.1,5,Excellent Progress,Paid,No
T00691,2025-07-02,C0110,D0148,S001,,125.0,39.75,85.25,0.0,1.35,11.2,5,Needs Follow-Up,Paid,Yes
T00692,2025-03-12,C0110,D0148,S006,,54.0,18.03,35.97,0.1,1.13,10.5,5,Moderate Progress,Paid,No
T00693,2025-08-07,C0110,D0148,S011,,28.5,13.93,14.57,0.05,0.64,10.4,5,Excellent Progress,Paid,No
T00694,2026-05-09,C0111,D0149,S013,M008,125.0,39.89,85.11,0.0,12.23,9.1,5,Completed Goals,Paid,No
T00695,2025-11-10,C0111,D0149,S006,M008,60.0,16.62,43.38,0.0,1.37,7.0,5,Completed Goals,Pending,No
T00696,2026-01-02,C0111,D0149,S004,M008,28.5,14.62,13.88,0.05,0.65,5.5,5,Excellent Progress,Paid,Yes
T00697,2026-01-01,C0111,D0149,S007,M008,45.0,15.49,29.51,0.0,0.79,7.7,5,Completed Goals,Paid,Yes
T00698,2025-12-05,C0111,D0149,S004,M008,27.0,9.98,17.02,0.1,0.76,4.4,5,Completed Goals,Paid,No
T00699,2025-11-30,C0111,D0149,S001,M008,125.0,39.99,85.01,0.0,1.1,9.8,5,Excellent Progress,Paid,Yes
T00700,2026-01-05,C0111,D0149,S006,M008,57.0,22.77,34.23,0.05,1.08,6.1,5,Completed Goals,Paid,No
T00701,2025-10-18,C0111,D0149,S009,M008,105.0,29.4,75.6,0.0,1.66,6.3,5,Moderate Progress,Paid,Yes
T00702,2026-02-14,C0112,D0150,S009,M008,99.75,31.27,68.48,0.05,1.89,10.6,5,Moderate Progress,Paid,No
T00703,2026-03-15,C0112,D0150,S010,M008,20.0,7.61,12.39,0.0,0.6,14.1,5,Moderate Progress,Paid,No
T00704,2025-10-10,C0112,D0150,S005,M008,40.5,12.38,28.12,0.1,0.82,13.6,5,Excellent Progress,Paid,No
T00705,2026-04-03,C0112,D0150,S007,M008,40.5,16.09,24.41,0.1,0.73,12.7,5,Excellent Progress,Pending,Yes
T00706,2026-05-26,C0112,D0150,S001,M008,125.0,39.4,85.6,0.0,1.3,14.4,5,Moderate Progress,Paid,Yes
T00707,2025-11-17,C0112,D0150,S001,M008,112.5,35.68,76.82,0.1,1.12,10.7,5,Moderate Progress,Paid,Yes
T00708,2026-02-09,C0112,D0150,S004,M008,30.0,11.83,18.17,0.0,0.84,12.4,5,Moderate Progress,Paid,No
T00709,2025-11-25,C0112,D0150,S008,M008,76.5,27.19,49.31,0.1,1.24,10.7,5,Completed Goals,Pending,Yes
T00710,2025-12-18,C0112,D0150,S004,M008,28.5,8.75,19.75,0.05,0.7,10.3,5,Completed Goals,Pending,Yes
T00711,2025-12-25,C0112,D0150,S001,M008,112.5,38.11,74.39,0.1,1.37,9.8,5,Completed Goals,Paid,No
T00712,2025-11-18,C0112,D0150,S001,M008,112.5,40.99,71.51,0.1,1.23,9.7,5,Moderate Progress,Paid,Yes
T00713,2026-05-02,C0113,D0151,S004,,28.5,13.51,14.99,0.05,0.65,10.1,5,Completed Goals,Paid,Yes
T00714,2026-03-05,C0113,D0151,S014,,58.5,24.96,33.54,0.1,6.23,9.2,5,Completed Goals,Pending,No
T00715,2025-11-21,C0113,D0151,S007,M006,40.5,17.13,23.37,0.1,0.63,9.3,5,Excellent Progress,Paid,No
T00716,2025-07-27,C0113,D0151,S001,,118.75,41.46,77.29,0.05,1.07,6.0,5,Completed Goals,Paid,No
T00717,2025-05-14,C0113,D0151,S008,,76.5,25.15,51.35,0.1,1.1,9.1,5,Excellent Progress,Paid,Yes
T00718,2026-04-30,C0114,D0152,S003,M004,641.25,185.7,455.55,0.05,1.33,16.0,5,Excellent Progress,Paid,Yes
T00719,2026-05-20,C0114,D0152,S011,M004,30.0,10.98,19.02,0.0,0.85,17.2,5,Excellent Progress,Paid,No
T00720,2026-03-27,C0114,D0152,S007,M004,45.0,15.91,29.09,0.0,0.6,15.0,5,Excellent Progress,Pending,No
T00721,2026-04-02,C0114,D0152,S001,M004,125.0,35.83,89.17,0.0,1.13,19.3,5,Excellent Progress,Paid,No
T00722,2026-02-03,C0114,D0152,S009,M004,94.5,32.03,62.47,0.1,1.85,22.0,5,Excellent Progress,Pending,No
T00723,2026-05-31,C0115,D0153,S013,M004,125.0,38.23,86.77,0.0,12.2,5.6,5,Moderate Progress,Pending,No
T00724,2026-04-19,C0115,D0153,S013,M004,125.0,41.45,83.55,0.0,12.33,8.5,5,Excellent Progress,Paid,No
T00725,2026-04-11,C0115,D0153,S014,M004,58.5,23.35,35.15,0.1,6.1,9.8,5,Completed Goals,Paid,Yes
T00726,2026-05-05,C0115,D0153,S006,M004,60.0,16.18,43.82,0.0,1.32,5.5,5,Excellent Progress,Pending,Yes
T00727,2026-05-03,C0115,D0153,S001,M004,125.0,38.01,86.99,0.0,1.2,5.1,5,Excellent Progress,Paid,Yes
T00728,2025-11-02,C0116,D0154,S013,M006,125.0,42.12,82.88,0.0,12.13,15.2,5,Moderate Progress,Paid,No
T00729,2025-08-12,C0116,D0154,S011,,30.0,8.98,21.02,0.0,0.66,14.0,5,Moderate Progress,Paid,Yes
T00730,2025-09-04,C0116,D0154,S006,,60.0,19.81,40.19,0.0,1.22,15.1,5,Excellent Progress,Paid,Yes
T00731,2026-03-03,C0117,D0155,S014,,65.0,23.69,41.31,0.0,6.14,27.1,5,Excellent Progress,Paid,Yes
T00732,2025-05-12,C0117,D0155,S004,,27.0,13.19,13.81,0.1,0.62,24.5,5,Moderate Progress,Paid,Yes
T00733,2025-09-17,C0117,D0155,S008,,85.0,22.24,62.76,0.0,1.15,24.6,5,Moderate Progress,Paid,Yes
T00734,2026-04-14,C0117,D0155,S006,,57.0,17.57,39.43,0.05,1.18,26.8,5,Excellent Progress,Paid,No
T00735,2026-05-08,C0117,D0155,S014,,65.0,25.67,39.33,0.0,6.26,27.6,5,Completed Goals,Paid,Yes
T00736,2026-05-18,C0117,D0155,S010,,20.0,11.67,8.33,0.0,0.71,23.8,5,Needs Follow-Up,Paid,No
T00737,2025-08-11,C0117,D0155,S002,,356.25,90.92,265.33,0.0,1.06,27.9,5,Needs Follow-Up,Paid,No
T00738,2025-11-16,C0117,D0155,S004,M006,30.0,10.53,19.47,0.0,0.78,27.8,5,Moderate Progress,Paid,No
T00739,2025-08-22,C0118,D0156,S012,,60.0,17.27,42.73,0.0,1.39,10.3,5,Moderate Progress,Paid,No
T00740,2025-11-15,C0118,D0156,S004,,30.0,9.81,20.19,0.0,0.83,8.6,5,Excellent Progress,Paid,No
T00741,2025-12-08,C0118,D0156,S013,,125.0,38.8,86.2,0.0,12.06,11.9,5,Moderate Progress,Paid,No
T00742,2026-01-07,C0118,D0156,S001,,125.0,35.11,89.89,0.0,1.35,13.3,5,Excellent Progress,Paid,No
T00743,2025-09-23,C0118,D0156,S001,,125.0,38.58,86.42,0.0,1.13,9.1,5,Excellent Progress,Paid,Yes
T00744,2026-03-31,C0118,D0156,S008,,76.5,26.25,50.25,0.1,1.18,14.3,5,Moderate Progress,Paid,No
T00745,2025-01-29,C0118,D0156,S002,,356.25,96.38,259.87,0.0,1.06,11.3,5,Moderate Progress,Pending,No
T00746,2026-05-03,C0118,D0156,S010,,19.0,5.23,13.77,0.05,0.64,9.5,5,Needs Follow-Up,Paid,No
T00747,2025-10-28,C0118,D0156,S007,,40.5,17.93,22.57,0.1,0.73,6.9,5,Excellent Progress,Paid,No
T00748,2026-03-11,C0118,D0156,S004,,30.0,13.59,16.41,0.0,0.89,8.3,5,Completed Goals,Paid,Yes
T00749,2026-04-02,C0118,D0156,S010,,18.0,8.92,9.08,0.1,0.41,9.4,5,Excellent Progress,Paid,No
T00750,2026-03-06,C0118,D0156,S007,,40.5,18.36,22.14,0.1,0.79,11.8,5,Excellent Progress,Paid,No
T00751,2025-10-12,C0119,D0157,S005,,40.5,18.17,22.33,0.1,0.87,7.9,5,Excellent Progress,Paid,No
T00752,2026-01-26,C0119,D0158,S010,,18.0,5.24,12.76,0.1,0.53,12.0,5,Needs Follow-Up,Pending,Yes
T00753,2026-02-02,C0120,D0159,S004,M008,27.0,14.28,12.72,0.1,0.86,11.7,5,Excellent Progress,Paid,No
T00754,2026-02-04,C0120,D0159,S014,M008,61.75,22.03,39.72,0.05,6.22,8.0,5,Completed Goals,Paid,No
T00755,2026-01-25,C0120,D0159,S007,M008,42.75,13.24,29.51,0.05,0.8,9.2,5,Moderate Progress,Paid,No
T00756,2026-03-06,C0120,D0159,S007,M008,45.0,14.23,30.77,0.0,0.61,8.1,5,Moderate Progress,Paid,No
T00757,2026-03-29,C0120,D0159,S007,M008,45.0,13.16,31.84,0.0,0.65,10.8,5,Completed Goals,Pending,No
T00758,2026-04-11,C0120,D0159,S013,M008,125.0,38.67,86.33,0.0,12.24,11.0,5,Completed Goals,Pending,No
T00759,2026-05-24,C0120,D0159,S001,M008,125.0,36.42,88.58,0.0,1.38,11.5,5,Moderate Progress,Paid,Yes
T00760,2026-05-27,C0120,D0159,S010,M008,19.0,8.45,10.55,0.05,0.41,8.0,5,Completed Goals,Paid,No
T00761,2026-01-14,C0120,D0159,S010,M008,18.0,8.17,9.83,0.1,0.64,12.3,5,Completed Goals,Paid,No
T00762,2026-05-14,C0120,D0159,S013,M008,125.0,43.89,81.11,0.0,12.28,14.0,5,Completed Goals,Paid,No
T00763,2025-12-18,C0120,D0159,S007,M008,45.0,15.39,29.61,0.0,0.62,10.9,5,Completed Goals,Pending,No
T00764,2025-11-09,C0120,D0159,S001,M008,112.5,39.28,73.22,0.1,1.3,7.2,5,Moderate Progress,Paid,No
T00765,2025-10-08,C0121,D0160,S014,,65.0,24.68,40.32,0.0,6.22,9.0,5,Excellent Progress,Paid,No
T00766,2026-05-29,C0121,D0160,S003,,641.25,186.79,454.46,0.05,1.16,9.3,5,Completed Goals,Paid,No
T00767,2026-04-29,C0121,D0160,S001,,125.0,40.42,84.58,0.0,1.22,10.4,5,Excellent Progress,Paid,Yes
T00768,2026-01-22,C0121,D0160,S004,,27.0,13.4,13.6,0.1,0.64,6.5,5,Excellent Progress,Paid,No
T00769,2025-11-03,C0122,D0161,S004,,30.0,10.87,19.13,0.0,0.75,10.5,5,Completed Goals,Pending,No
T00770,2026-04-16,C0122,D0161,S001,,125.0,40.62,84.38,0.0,1.08,14.8,5,Needs Follow-Up,Pending,Yes
T00771,2026-04-05,C0122,D0161,S008,,85.0,28.9,56.1,0.0,1.34,12.3,5,Excellent Progress,Paid,No
T00772,2025-11-01,C0122,D0161,S004,,27.0,8.14,18.86,0.1,0.88,10.0,5,Excellent Progress,Paid,No
T00773,2025-11-08,C0122,D0161,S004,,30.0,8.87,21.13,0.0,0.82,14.4,5,Completed Goals,Paid,No
T00774,2026-03-29,C0122,D0161,S001,,125.0,35.1,89.9,0.0,1.34,14.0,5,Completed Goals,Paid,Yes
T00775,2025-12-20,C0122,D0161,S011,,28.5,7.16,21.34,0.05,0.65,10.8,5,Completed Goals,Paid,Yes
T00776,2025-08-30,C0122,D0161,S004,,28.5,11.38,17.12,0.05,0.87,13.4,5,Completed Goals,Paid,Yes
T00777,2026-04-19,C0122,D0161,S014,,61.75,21.57,40.18,0.05,6.39,12.4,5,Completed Goals,Pending,No
T00778,2025-12-31,C0122,D0161,S008,,76.5,23.18,53.32,0.1,1.35,13.1,5,Completed Goals,Pending,Yes
T00779,2026-04-30,C0122,D0161,S006,,60.0,17.76,42.24,0.0,1.16,11.9,5,Completed Goals,Pending,Yes
T00780,2025-11-28,C0122,D0161,S013,,112.5,43.56,68.94,0.1,12.24,11.7,5,Excellent Progress,Paid,No
T00781,2025-12-03,C0123,D0162,S005,M006,45.0,13.13,31.87,0.0,1.06,8.3,5,Excellent Progress,Paid,Yes
T00782,2026-03-28,C0123,D0162,S002,,356.25,95.24,261.01,0.0,1.24,10.1,5,Excellent Progress,Paid,No
T00783,2026-05-06,C0123,D0162,S013,,112.5,40.26,72.24,0.1,12.36,11.4,5,Completed Goals,Paid,No
T00784,2026-01-17,C0123,D0162,S006,,57.0,18.31,38.69,0.05,1.31,14.9,5,Moderate Progress,Paid,No
T00785,2025-12-29,C0123,D0162,S004,M006,27.0,14.84,12.16,0.1,0.66,8.4,5,Excellent Progress,Paid,No
T00786,2026-04-15,C0123,D0162,S008,,85.0,25.91,59.09,0.0,1.13,12.0,5,Moderate Progress,Paid,No
T00787,2026-05-29,C0123,D0162,S004,,30.0,12.49,17.51,0.0,0.62,11.7,5,Completed Goals,Paid,No
T00788,2025-12-16,C0123,D0162,S007,M006,45.0,17.97,27.03,0.0,0.76,14.7,5,Excellent Progress,Paid,No
T00789,2026-01-12,C0123,D0162,S001,,125.0,41.51,83.49,0.0,1.27,8.1,5,Excellent Progress,Paid,Yes
T00790,2026-03-06,C0123,D0162,S001,,118.75,37.29,81.46,0.05,1.23,7.9,5,Excellent Progress,Paid,No
T00791,2026-02-01,C0123,D0162,S006,,54.0,20.24,33.76,0.1,1.12,8.3,5,Excellent Progress,Paid,Yes
T00792,2026-03-19,C0123,D0162,S007,,45.0,15.05,29.95,0.0,0.67,7.1,5,Excellent Progress,Paid,Yes
T00793,2025-08-21,C0124,D0164,S007,M008,40.5,17.23,23.27,0.1,0.55,12.7,5,Excellent Progress,Paid,No
T00794,2025-09-22,C0124,D0163,S013,M008,112.5,39.91,72.59,0.1,12.28,14.3,5,Excellent Progress,Paid,No
T00795,2026-03-27,C0125,D0166,S011,,27.0,12.25,14.75,0.1,0.78,18.9,5,Completed Goals,Pending,No
T00796,2025-10-27,C0125,D0165,S009,,105.0,33.92,71.08,0.0,1.57,19.6,5,Completed Goals,Pending,No
T00797,2025-11-05,C0125,D0165,S015,,30.0,11.86,18.14,0.0,0.85,17.0,5,Excellent Progress,Pending,No
T00798,2026-02-20,C0125,D0166,S006,,54.0,21.78,32.22,0.1,1.23,20.3,5,Completed Goals,Paid,No
T00799,2026-02-23,C0125,D0165,S009,,105.0,31.92,73.08,0.0,1.59,18.2,5,Moderate Progress,Paid,No
T00800,2025-09-13,C0125,D0165,S001,,125.0,36.3,88.7,0.0,1.26,22.2,5,Moderate Progress,Paid,No
T00801,2025-09-08,C0125,D0165,S005,,45.0,16.5,28.5,0.0,1.12,16.0,5,Moderate Progress,Paid,Yes
T00802,2025-10-28,C0125,D0166,S009,,105.0,30.9,74.1,0.0,1.84,16.7,5,Completed Goals,Paid,Yes
T00803,2026-04-05,C0125,D0166,S004,,27.0,13.41,13.59,0.1,0.73,21.1,5,Excellent Progress,Pending,Yes
T00804,2026-05-16,C0125,D0165,S002,,338.44,92.43,246.01,0.05,1.33,20.9,5,Completed Goals,Pending,No
T00805,2025-12-13,C0125,D0165,S011,,27.0,8.81,18.19,0.1,0.71,14.8,5,Completed Goals,Paid,Yes
T00806,2026-05-25,C0125,D0166,S001,,125.0,38.95,86.05,0.0,1.28,21.7,5,Excellent Progress,Paid,Yes
T00807,2026-03-29,C0125,D0166,S002,,356.25,94.54,261.71,0.0,1.09,21.8,5,Excellent Progress,Paid,Yes
T00808,2026-03-19,C0125,D0166,S005,,42.75,13.71,29.04,0.05,1.05,19.3,5,Excellent Progress,Paid,No
T00809,2026-04-14,C0125,D0165,S010,,19.0,6.89,12.11,0.05,0.59,19.3,5,Completed Goals,Paid,No
T00810,2026-05-15,C0125,D0165,S014,,65.0,24.64,40.36,0.0,6.33,14.9,5,Completed Goals,Paid,No
T00811,2025-10-21,C0125,D0166,S005,,45.0,13.4,31.6,0.0,0.86,17.0,5,Completed Goals,Paid,No
T00812,2025-10-15,C0125,D0166,S010,,20.0,7.41,12.59,0.0,0.55,20.0,5,Excellent Progress,Paid,Yes
